capture_2025-10-04T10:46:19.955Z.jpg,,1
capture_2025-10-04T10:46:20.695Z.jpg,,1
capture_2025-10-04T10:46:25.732Z.jpg,,1
capture_2025-10-04T10:46:28.707Z.jpg,,1
capture_2025-10-04T10:46:32.685Z.jpg,,1
capture_2025-10-04T10:46:36.715Z.jpg,,1
capture_2025-10-04T10:46:41.577Z.jpg,,1
capture_2025-10-04T10:46:45.567Z.jpg,,1
capture_2025-10-04T10:46:49.686Z.jpg,,1
capture_2025-10-04T10:46:55.717Z.jpg,,1
capture_2025-10-04T10:46:57.625Z.jpg,,1
capture_2025-10-04T10:47:01.647Z.jpg,,1
capture_2025-10-04T10:47:04.737Z.jpg,,1
capture_2025-10-04T10:47:09.534Z.jpg,,0
capture_2025-10-04T10:47:18.934Z.jpg,,0
capture_2025-10-04T10:47:20.061Z.jpg,,0
capture_2025-10-04T10:47:21.988Z.jpg,,0
capture_2025-10-04T10:47:26.528Z.jpg,,4
capture_2025-10-04T10:47:38.147Z.jpg,,0
capture_2025-10-04T10:47:41.558Z.jpg,,0
capture_2025-10-04T10:47:43.683Z.jpg,,0
capture_2025-10-04T10:47:47.416Z.jpg,,0
capture_2025-10-04T10:47:49.007Z.jpg,,0
capture_2025-10-04T10:47:53.034Z.jpg,,0
capture_2025-10-04T10:47:53.358Z.jpg,,0
capture_2025-10-04T10:47:57.905Z.jpg,,0
capture_2025-10-04T10:48:05.907Z.jpg,,0
capture_2025-10-04T10:48:06.288Z.jpg,,0
capture_2025-10-04T10:48:08.706Z.jpg,,0
capture_2025-10-04T10:48:12.614Z.jpg,,0
capture_2025-10-04T10:48:16.597Z.jpg,,0
capture_2025-10-04T10:48:21.620Z.jpg,,0
capture_2025-10-04T10:48:25.475Z.jpg,,0
capture_2025-10-04T10:48:28.575Z.jpg,,0
capture_2025-10-04T10:48:32.715Z.jpg,,0
capture_2025-10-04T10:48:36.726Z.jpg,,0
capture_2025-10-04T10:48:40.642Z.jpg,,1
capture_2025-10-04T10:48:44.720Z.jpg,,1
capture_2025-10-04T10:48:48.586Z.jpg,,1
capture_2025-10-04T10:48:52.751Z.jpg,,1
capture_2025-10-04T10:48:56.644Z.jpg,,0
capture_2025-10-04T10:49:00.716Z.jpg,,0
capture_2025-10-04T10:49:04.699Z.jpg,,0
capture_2025-10-04T10:49:08.585Z.jpg,,0
capture_2025-10-04T10:49:12.609Z.jpg,,0
capture_2025-10-04T10:49:16.694Z.jpg,,0
capture_2025-10-04T10:49:20.569Z.jpg,,0
capture_2025-10-04T10:49:24.601Z.jpg,,0
capture_2025-10-04T10:49:28.670Z.jpg,,0
capture_2025-10-04T10:49:32.553Z.jpg,,0
capture_2025-10-04T10:49:36.565Z.jpg,,0
capture_2025-10-04T10:49:40.551Z.jpg,,0
capture_2025-10-04T10:49:44.667Z.jpg,,0
capture_2025-10-04T10:49:48.648Z.jpg,,0
capture_2025-10-04T10:49:52.555Z.jpg,,0
capture_2025-10-04T10:49:56.555Z.jpg,,0
capture_2025-10-04T10:50:00.706Z.jpg,,0
capture_2025-10-04T10:50:04.543Z.jpg,,0
capture_2025-10-04T10:50:08.553Z.jpg,,0
capture_2025-10-04T10:50:12.583Z.jpg,,0
capture_2025-10-04T10:50:17.590Z.jpg,,0
capture_2025-10-04T10:50:21.580Z.jpg,,0
capture_2025-10-04T10:50:25.542Z.jpg,,0
capture_2025-10-04T10:50:29.531Z.jpg,,2
capture_2025-10-04T10:50:33.524Z.jpg,,1
capture_2025-10-04T10:50:37.637Z.jpg,,0
capture_2025-10-04T10:50:41.517Z.jpg,,1
capture_2025-10-04T10:50:45.538Z.jpg,,2
capture_2025-10-04T10:50:49.576Z.jpg,,1
capture_2025-10-04T10:50:53.631Z.jpg,,1
capture_2025-10-04T10:50:57.704Z.jpg,,1
capture_2025-10-04T10:51:01.630Z.jpg,,1
capture_2025-10-04T10:51:05.651Z.jpg,,1
capture_2025-10-04T10:51:09.549Z.jpg,,1
capture_2025-10-04T10:51:13.510Z.jpg,,1
capture_2025-10-04T10:51:57.765Z.jpg,,2
capture_2025-10-04T10:52:37.339Z.jpg,,1
capture_2025-10-04T10:52:40.780Z.jpg,,1
capture_2025-10-04T10:52:44.686Z.jpg,,1
capture_2025-10-04T10:52:48.614Z.jpg,,1
capture_2025-10-04T10:52:52.718Z.jpg,,1
capture_2025-10-04T10:52:56.608Z.jpg,,1
capture_2025-10-04T10:53:00.662Z.jpg,,1
capture_2025-10-04T10:53:04.550Z.jpg,,1
capture_2025-10-04T10:53:08.660Z.jpg,,1
capture_2025-10-04T10:53:12.650Z.jpg,,1
capture_2025-10-04T10:53:16.662Z.jpg,,1
capture_2025-10-04T10:53:20.704Z.jpg,,1
capture_2025-10-04T10:53:24.660Z.jpg,,1
capture_2025-10-04T10:53:28.669Z.jpg,,1
capture_2025-10-04T10:53:32.598Z.jpg,,1
capture_2025-10-04T10:53:36.702Z.jpg,,1
capture_2025-10-04T10:53:40.719Z.jpg,,1
capture_2025-10-04T10:53:44.693Z.jpg,,1
capture_2025-10-04T10:53:48.684Z.jpg,,1
capture_2025-10-04T10:53:52.559Z.jpg,,1
capture_2025-10-04T10:53:56.622Z.jpg,,0
capture_2025-10-04T10:54:00.678Z.jpg,,0
capture_2025-10-04T10:54:04.891Z.jpg,,1
capture_2025-10-04T10:54:08.678Z.jpg,,1
capture_2025-10-04T10:54:12.792Z.jpg,,0
capture_2025-10-04T10:54:16.551Z.jpg,,2
capture_2025-10-04T10:54:20.660Z.jpg,,1
capture_2025-10-04T10:54:24.662Z.jpg,,1
capture_2025-10-04T10:54:28.680Z.jpg,,0
capture_2025-10-04T10:54:32.702Z.jpg,,0
capture_2025-10-04T10:54:36.692Z.jpg,,0
capture_2025-10-04T10:54:40.544Z.jpg,,0
capture_2025-10-04T10:54:44.538Z.jpg,,0
capture_2025-10-04T10:54:48.550Z.jpg,,0
capture_2025-10-04T10:54:52.682Z.jpg,,0
capture_2025-10-04T10:54:56.668Z.jpg,,0
capture_2025-10-04T10:55:00.649Z.jpg,,1
capture_2025-10-04T10:55:04.609Z.jpg,,1
capture_2025-10-04T10:55:08.683Z.jpg,,1
capture_2025-10-04T10:55:12.679Z.jpg,,1
capture_2025-10-04T10:55:16.658Z.jpg,,1
capture_2025-10-04T10:55:20.597Z.jpg,,2
capture_2025-10-04T10:55:24.690Z.jpg,,2
capture_2025-10-04T10:55:28.660Z.jpg,,1
capture_2025-10-04T10:55:32.561Z.jpg,,1
capture_2025-10-04T10:55:36.693Z.jpg,,1
capture_2025-10-04T10:55:40.671Z.jpg,,1
capture_2025-10-04T10:55:44.699Z.jpg,,1
capture_2025-10-04T10:55:48.720Z.jpg,,1
capture_2025-10-04T10:55:52.649Z.jpg,,1
capture_2025-10-04T10:55:56.672Z.jpg,,1
capture_2025-10-04T10:56:00.679Z.jpg,,1
capture_2025-10-04T10:56:04.808Z.jpg,,1
capture_2025-10-04T10:56:08.674Z.jpg,,1
capture_2025-10-04T10:56:12.722Z.jpg,,1
capture_2025-10-04T10:56:17.048Z.jpg,,1
capture_2025-10-04T10:56:20.719Z.jpg,,1
capture_2025-10-04T10:56:24.597Z.jpg,,2
capture_2025-10-04T10:56:28.676Z.jpg,,1
capture_2025-10-04T10:56:32.677Z.jpg,,1
capture_2025-10-04T10:56:36.590Z.jpg,,1
capture_2025-10-04T10:56:41.010Z.jpg,,1
capture_2025-10-04T10:56:44.721Z.jpg,,1
capture_2025-10-04T10:56:48.655Z.jpg,,1
capture_2025-10-04T10:56:52.619Z.jpg,,2
capture_2025-10-04T10:56:56.701Z.jpg,,1
capture_2025-10-04T10:57:00.720Z.jpg,,1
capture_2025-10-04T10:57:04.667Z.jpg,,0
capture_2025-10-04T10:57:08.687Z.jpg,,0
capture_2025-10-04T10:57:12.569Z.jpg,,0
capture_2025-10-04T10:57:16.587Z.jpg,,0
capture_2025-10-04T10:57:20.571Z.jpg,,0
capture_2025-10-04T10:57:24.726Z.jpg,,0
capture_2025-10-04T10:57:28.600Z.jpg,,1
capture_2025-10-04T10:57:32.668Z.jpg,,1
capture_2025-10-04T10:57:36.678Z.jpg,,1
capture_2025-10-04T10:57:40.547Z.jpg,,0
capture_2025-10-04T10:57:44.601Z.jpg,,0
capture_2025-10-04T10:57:48.677Z.jpg,,0
capture_2025-10-04T10:57:52.667Z.jpg,,0
capture_2025-10-04T10:57:56.568Z.jpg,,0
capture_2025-10-04T10:58:00.710Z.jpg,,0
capture_2025-10-04T10:58:04.566Z.jpg,,0
capture_2025-10-04T10:58:08.677Z.jpg,,0
capture_2025-10-04T10:58:12.669Z.jpg,,0
capture_2025-10-04T10:58:16.611Z.jpg,,0
capture_2025-10-04T10:58:20.747Z.jpg,,0
capture_2025-10-04T10:58:24.556Z.jpg,,0
capture_2025-10-04T10:58:28.658Z.jpg,,0
capture_2025-10-04T10:58:32.687Z.jpg,,0
capture_2025-10-04T10:58:36.657Z.jpg,,0
capture_2025-10-04T10:58:40.687Z.jpg,,0
capture_2025-10-04T10:58:44.678Z.jpg,,0
capture_2025-10-04T10:58:48.668Z.jpg,,0
capture_2025-10-04T10:58:52.709Z.jpg,,0
capture_2025-10-04T10:58:56.556Z.jpg,,0
capture_2025-10-04T10:59:00.672Z.jpg,,0
capture_2025-10-04T10:59:04.712Z.jpg,,0
capture_2025-10-04T10:59:08.566Z.jpg,,0
capture_2025-10-04T10:59:12.667Z.jpg,,0
capture_2025-10-04T10:59:16.578Z.jpg,,0
capture_2025-10-04T10:59:20.690Z.jpg,,0
capture_2025-10-04T10:59:24.708Z.jpg,,0
capture_2025-10-04T10:59:28.688Z.jpg,,0
capture_2025-10-04T10:59:32.692Z.jpg,,0
capture_2025-10-04T10:59:36.658Z.jpg,,0
capture_2025-10-04T10:59:40.586Z.jpg,,0
capture_2025-10-04T10:59:44.560Z.jpg,,0
capture_2025-10-04T10:59:48.668Z.jpg,,0
capture_2025-10-04T10:59:52.666Z.jpg,,0
capture_2025-10-04T10:59:56.697Z.jpg,,0
capture_2025-10-04T11:00:00.669Z.jpg,,0
capture_2025-10-04T11:00:04.596Z.jpg,,0
capture_2025-10-04T11:00:08.567Z.jpg,,0
capture_2025-10-04T11:00:12.687Z.jpg,,0
capture_2025-10-04T11:00:16.701Z.jpg,,0
capture_2025-10-04T11:00:20.579Z.jpg,,0
capture_2025-10-04T11:00:24.547Z.jpg,,0
capture_2025-10-04T11:00:28.576Z.jpg,,0
capture_2025-10-04T11:00:32.667Z.jpg,,0
capture_2025-10-04T11:00:36.667Z.jpg,,0
capture_2025-10-04T11:00:40.646Z.jpg,,0
capture_2025-10-04T11:00:44.586Z.jpg,,0
capture_2025-10-04T11:00:48.658Z.jpg,,0
capture_2025-10-04T11:00:52.699Z.jpg,,0
capture_2025-10-04T11:00:56.649Z.jpg,,0
capture_2025-10-04T11:01:00.668Z.jpg,,0
capture_2025-10-04T11:01:04.587Z.jpg,,0
capture_2025-10-04T11:01:08.656Z.jpg,,0
capture_2025-10-04T11:01:12.677Z.jpg,,0
capture_2025-10-04T11:01:16.575Z.jpg,,0
capture_2025-10-04T11:01:20.692Z.jpg,,0
capture_2025-10-04T11:01:24.658Z.jpg,,0
capture_2025-10-04T11:01:28.565Z.jpg,,0
capture_2025-10-04T11:01:32.671Z.jpg,,0
capture_2025-10-04T11:01:36.707Z.jpg,,0
capture_2025-10-04T11:01:40.686Z.jpg,,0
capture_2025-10-04T11:01:44.560Z.jpg,,0
capture_2025-10-04T11:01:49.591Z.jpg,,0
capture_2025-10-04T11:01:53.665Z.jpg,,0
capture_2025-10-04T11:01:57.579Z.jpg,,0
capture_2025-10-04T11:02:01.558Z.jpg,,0
capture_2025-10-04T11:02:04.567Z.jpg,,0
capture_2025-10-04T11:02:09.706Z.jpg,,0
capture_2025-10-04T11:02:13.549Z.jpg,,0
capture_2025-10-04T11:02:17.679Z.jpg,,0
capture_2025-10-04T11:02:21.587Z.jpg,,0
capture_2025-10-04T11:02:25.561Z.jpg,,0
capture_2025-10-04T11:02:29.661Z.jpg,,0
capture_2025-10-04T11:02:33.690Z.jpg,,0
capture_2025-10-04T11:02:37.674Z.jpg,,0
capture_2025-10-04T11:02:41.610Z.jpg,,0
capture_2025-10-04T11:02:45.746Z.jpg,,0
capture_2025-10-04T11:03:02.111Z.jpg,,0
capture_2025-10-04T11:03:59.462Z.jpg,,0
capture_2025-10-04T11:04:57.679Z.jpg,,0
capture_2025-10-04T11:05:44.469Z.jpg,,0
capture_2025-10-04T11:05:44.899Z.jpg,,0
capture_2025-10-04T11:05:48.589Z.jpg,,0
capture_2025-10-04T11:05:52.674Z.jpg,,2
capture_2025-10-04T11:05:56.751Z.jpg,,1
capture_2025-10-04T11:06:00.731Z.jpg,,1
capture_2025-10-04T11:06:04.613Z.jpg,,0
capture_2025-10-04T11:06:08.611Z.jpg,,0
capture_2025-10-04T11:06:12.601Z.jpg,,0
capture_2025-10-04T11:06:16.733Z.jpg,,0
capture_2025-10-04T11:06:20.705Z.jpg,,0
capture_2025-10-04T11:06:24.760Z.jpg,,0
capture_2025-10-04T11:06:28.686Z.jpg,,0
capture_2025-10-04T11:06:32.723Z.jpg,,0
capture_2025-10-04T11:06:36.572Z.jpg,,0
capture_2025-10-04T11:06:40.626Z.jpg,,1
capture_2025-10-04T11:06:44.914Z.jpg,,0
capture_2025-10-04T11:06:48.622Z.jpg,,7
capture_2025-10-04T11:06:52.594Z.jpg,,4
capture_2025-10-04T11:06:56.593Z.jpg,,0
capture_2025-10-04T11:07:00.644Z.jpg,,4
capture_2025-10-04T11:07:04.732Z.jpg,,5
capture_2025-10-04T11:07:08.594Z.jpg,,4
capture_2025-10-04T11:07:12.576Z.jpg,,6
capture_2025-10-04T11:07:16.572Z.jpg,,6
capture_2025-10-04T11:07:20.688Z.jpg,,0
capture_2025-10-04T11:07:24.733Z.jpg,,0
capture_2025-10-04T11:07:28.756Z.jpg,,0
capture_2025-10-04T11:07:32.692Z.jpg,,0
capture_2025-10-04T11:07:36.673Z.jpg,,5
capture_2025-10-04T11:07:40.692Z.jpg,,6
capture_2025-10-04T11:07:44.642Z.jpg,,5
capture_2025-10-04T11:07:48.745Z.jpg,,5
capture_2025-10-04T11:07:52.814Z.jpg,,6
capture_2025-10-04T11:07:56.736Z.jpg,,2
capture_2025-10-04T11:08:00.634Z.jpg,,3
capture_2025-10-04T11:08:04.684Z.jpg,,4
capture_2025-10-04T11:08:08.690Z.jpg,,3
capture_2025-10-04T11:08:12.673Z.jpg,,4
capture_2025-10-04T11:08:16.562Z.jpg,,0
capture_2025-10-04T11:08:20.653Z.jpg,,1
capture_2025-10-04T11:08:24.552Z.jpg,,0
capture_2025-10-04T11:08:28.554Z.jpg,,0
capture_2025-10-04T11:08:32.665Z.jpg,,0
capture_2025-10-04T11:08:36.724Z.jpg,,0
capture_2025-10-04T11:08:40.582Z.jpg,,0
capture_2025-10-04T11:08:44.736Z.jpg,,0
capture_2025-10-04T11:08:48.593Z.jpg,,2
capture_2025-10-04T11:08:52.687Z.jpg,,4
capture_2025-10-04T11:08:56.622Z.jpg,,5
capture_2025-10-04T11:09:00.768Z.jpg,,5
capture_2025-10-04T11:09:04.831Z.jpg,,5
capture_2025-10-04T11:09:08.581Z.jpg,,5
capture_2025-10-04T11:09:12.773Z.jpg,,5
capture_2025-10-04T11:09:16.643Z.jpg,,3
capture_2025-10-04T11:09:20.737Z.jpg,,2
capture_2025-10-04T11:09:24.665Z.jpg,,2
capture_2025-10-04T11:09:28.586Z.jpg,,0
capture_2025-10-04T11:09:32.655Z.jpg,,0
capture_2025-10-04T11:09:36.665Z.jpg,,0
capture_2025-10-04T11:09:40.713Z.jpg,,0
capture_2025-10-04T11:09:44.759Z.jpg,,0
capture_2025-10-04T11:09:48.661Z.jpg,,1
capture_2025-10-04T11:09:52.775Z.jpg,,6
capture_2025-10-04T11:09:56.803Z.jpg,,5
capture_2025-10-04T11:10:00.591Z.jpg,,5
capture_2025-10-04T11:10:04.693Z.jpg,,6
capture_2025-10-04T11:10:08.686Z.jpg,,6
capture_2025-10-04T11:10:12.774Z.jpg,,2
capture_2025-10-04T11:10:16.607Z.jpg,,0
capture_2025-10-04T11:10:20.712Z.jpg,,0
capture_2025-10-04T11:10:24.675Z.jpg,,0
capture_2025-10-04T11:10:28.753Z.jpg,,0
capture_2025-10-04T11:10:32.713Z.jpg,,0
capture_2025-10-04T11:10:36.601Z.jpg,,0
capture_2025-10-04T11:10:40.729Z.jpg,,0
capture_2025-10-04T11:10:44.634Z.jpg,,0
capture_2025-10-04T11:10:48.594Z.jpg,,0
capture_2025-10-04T11:10:52.772Z.jpg,,0
capture_2025-10-04T11:10:56.713Z.jpg,,0
capture_2025-10-04T11:11:00.752Z.jpg,,0
capture_2025-10-04T11:11:04.703Z.jpg,,0
capture_2025-10-04T11:11:08.581Z.jpg,,0
capture_2025-10-04T11:11:12.718Z.jpg,,1
capture_2025-10-04T11:11:16.617Z.jpg,,0
capture_2025-10-04T11:11:20.623Z.jpg,,1
capture_2025-10-04T11:11:24.726Z.jpg,,1
capture_2025-10-04T11:11:28.698Z.jpg,,0
capture_2025-10-04T11:11:32.704Z.jpg,,0
capture_2025-10-04T11:11:36.706Z.jpg,,0
capture_2025-10-04T11:11:40.624Z.jpg,,0
capture_2025-10-04T11:11:44.725Z.jpg,,0
capture_2025-10-04T11:11:48.706Z.jpg,,0
capture_2025-10-04T11:11:52.736Z.jpg,,0
capture_2025-10-04T11:11:56.716Z.jpg,,1
capture_2025-10-04T11:12:00.585Z.jpg,,0
capture_2025-10-04T11:12:04.796Z.jpg,,0
capture_2025-10-04T11:12:08.695Z.jpg,,0
capture_2025-10-04T11:12:12.896Z.jpg,,0
capture_2025-10-04T11:12:16.613Z.jpg,,0
capture_2025-10-04T11:12:20.665Z.jpg,,0
capture_2025-10-04T11:12:24.685Z.jpg,,1
capture_2025-10-04T11:12:28.596Z.jpg,,1
capture_2025-10-04T11:12:32.715Z.jpg,,0
capture_2025-10-04T11:12:36.756Z.jpg,,2
capture_2025-10-04T11:12:40.789Z.jpg,,2
capture_2025-10-04T11:12:44.738Z.jpg,,3
capture_2025-10-04T11:12:48.568Z.jpg,,2
capture_2025-10-04T11:12:52.604Z.jpg,,1
capture_2025-10-04T11:12:56.710Z.jpg,,2
capture_2025-10-04T11:13:00.706Z.jpg,,2
capture_2025-10-04T11:13:04.574Z.jpg,,2
capture_2025-10-04T11:13:08.603Z.jpg,,2
capture_2025-10-04T11:13:12.738Z.jpg,,2
capture_2025-10-04T11:13:16.872Z.jpg,,2
capture_2025-10-04T11:13:20.734Z.jpg,,2
capture_2025-10-04T11:13:24.694Z.jpg,,2
capture_2025-10-04T11:13:28.704Z.jpg,,1
capture_2025-10-04T11:13:32.725Z.jpg,,2
capture_2025-10-04T11:13:36.715Z.jpg,,2
capture_2025-10-04T11:13:40.603Z.jpg,,1
capture_2025-10-04T11:13:44.615Z.jpg,,1
capture_2025-10-04T11:13:48.735Z.jpg,,1
capture_2025-10-04T11:13:52.693Z.jpg,,2
capture_2025-10-04T11:13:56.644Z.jpg,,1
capture_2025-10-04T11:14:00.612Z.jpg,,1
capture_2025-10-04T11:14:04.835Z.jpg,,1
capture_2025-10-04T11:14:08.586Z.jpg,,1
capture_2025-10-04T11:14:12.603Z.jpg,,1
capture_2025-10-04T11:14:16.787Z.jpg,,1
capture_2025-10-04T11:14:20.695Z.jpg,,1
capture_2025-10-04T11:14:24.748Z.jpg,,1
capture_2025-10-04T11:14:28.719Z.jpg,,1
capture_2025-10-04T11:14:32.696Z.jpg,,1
capture_2025-10-04T11:14:36.654Z.jpg,,1
capture_2025-10-04T11:14:40.736Z.jpg,,1
capture_2025-10-04T11:14:44.715Z.jpg,,1
capture_2025-10-04T11:14:48.735Z.jpg,,1
capture_2025-10-04T11:14:52.720Z.jpg,,1
capture_2025-10-04T11:14:56.715Z.jpg,,1
capture_2025-10-04T11:15:00.638Z.jpg,,1
capture_2025-10-04T11:15:04.634Z.jpg,,1
capture_2025-10-04T11:15:08.592Z.jpg,,1
capture_2025-10-04T11:15:12.775Z.jpg,,1
capture_2025-10-04T11:15:16.747Z.jpg,,1
capture_2025-10-04T11:15:20.612Z.jpg,,1
capture_2025-10-04T11:15:24.614Z.jpg,,1
capture_2025-10-04T11:15:28.707Z.jpg,,2
capture_2025-10-04T11:15:32.735Z.jpg,,2
capture_2025-10-04T11:15:36.757Z.jpg,,2
capture_2025-10-04T11:15:40.756Z.jpg,,2
capture_2025-10-04T11:15:44.656Z.jpg,,2
capture_2025-10-04T11:15:48.614Z.jpg,,2
capture_2025-10-04T11:15:52.747Z.jpg,,2
capture_2025-10-04T11:15:56.726Z.jpg,,2
capture_2025-10-04T11:16:00.657Z.jpg,,2
capture_2025-10-04T11:16:04.622Z.jpg,,2
capture_2025-10-04T11:16:08.778Z.jpg,,2
capture_2025-10-04T11:16:12.614Z.jpg,,2
capture_2025-10-04T11:16:16.706Z.jpg,,2
capture_2025-10-04T11:16:20.708Z.jpg,,2
capture_2025-10-04T11:16:24.696Z.jpg,,2
capture_2025-10-04T11:16:28.656Z.jpg,,2
capture_2025-10-04T11:16:32.606Z.jpg,,2
capture_2025-10-04T11:16:36.603Z.jpg,,2
capture_2025-10-04T11:16:40.738Z.jpg,,2
capture_2025-10-04T11:16:44.635Z.jpg,,2
capture_2025-10-04T11:16:48.726Z.jpg,,1
capture_2025-10-04T11:16:52.734Z.jpg,,2
capture_2025-10-04T11:16:56.755Z.jpg,,2
capture_2025-10-04T11:17:00.635Z.jpg,,2
capture_2025-10-04T11:17:04.597Z.jpg,,2
capture_2025-10-04T11:17:08.617Z.jpg,,2
capture_2025-10-04T11:17:12.623Z.jpg,,2
capture_2025-10-04T11:17:16.704Z.jpg,,2
capture_2025-10-04T11:17:20.675Z.jpg,,2
capture_2025-10-04T11:17:24.705Z.jpg,,2
capture_2025-10-04T11:17:28.713Z.jpg,,2
capture_2025-10-04T11:17:32.640Z.jpg,,2
capture_2025-10-04T11:17:36.594Z.jpg,,1
capture_2025-10-04T11:17:40.695Z.jpg,,2
capture_2025-10-04T11:17:44.695Z.jpg,,1
capture_2025-10-04T11:17:48.675Z.jpg,,2
capture_2025-10-04T11:17:52.702Z.jpg,,2
capture_2025-10-04T11:17:56.633Z.jpg,,2
capture_2025-10-04T11:18:00.901Z.jpg,,2
capture_2025-10-04T11:18:04.614Z.jpg,,2
capture_2025-10-04T11:18:08.634Z.jpg,,2
capture_2025-10-04T11:18:12.609Z.jpg,,2
capture_2025-10-04T11:18:16.695Z.jpg,,2
capture_2025-10-04T11:18:20.634Z.jpg,,1
capture_2025-10-04T11:18:24.725Z.jpg,,2
capture_2025-10-04T11:18:28.593Z.jpg,,2
capture_2025-10-04T11:18:32.635Z.jpg,,2
capture_2025-10-04T11:18:36.726Z.jpg,,2
capture_2025-10-04T11:18:40.629Z.jpg,,2
capture_2025-10-04T11:18:44.734Z.jpg,,2
capture_2025-10-04T11:18:48.698Z.jpg,,2
capture_2025-10-04T11:18:52.607Z.jpg,,2
capture_2025-10-04T11:18:56.583Z.jpg,,2
capture_2025-10-04T11:19:00.703Z.jpg,,2
capture_2025-10-04T11:19:04.717Z.jpg,,2
capture_2025-10-04T11:19:08.607Z.jpg,,2
capture_2025-10-04T11:19:12.705Z.jpg,,1
capture_2025-10-04T11:19:16.622Z.jpg,,2
capture_2025-10-04T11:19:20.603Z.jpg,,2
capture_2025-10-04T11:19:24.604Z.jpg,,2
capture_2025-10-04T11:19:28.689Z.jpg,,1
capture_2025-10-04T11:19:32.747Z.jpg,,1
capture_2025-10-04T11:19:36.705Z.jpg,,1
capture_2025-10-04T11:19:40.682Z.jpg,,1
capture_2025-10-04T11:19:44.705Z.jpg,,2
capture_2025-10-04T11:19:48.764Z.jpg,,2
capture_2025-10-04T11:19:52.595Z.jpg,,1
capture_2025-10-04T11:19:56.575Z.jpg,,1
capture_2025-10-04T11:20:00.623Z.jpg,,1
capture_2025-10-04T11:20:04.600Z.jpg,,1
capture_2025-10-04T11:20:08.615Z.jpg,,1
capture_2025-10-04T11:20:12.780Z.jpg,,1
capture_2025-10-04T11:20:16.675Z.jpg,,1
capture_2025-10-04T11:20:20.706Z.jpg,,1
capture_2025-10-04T11:20:24.615Z.jpg,,1
capture_2025-10-04T11:20:28.657Z.jpg,,2
capture_2025-10-04T11:20:32.622Z.jpg,,1
capture_2025-10-04T11:20:36.613Z.jpg,,0
capture_2025-10-04T11:20:40.634Z.jpg,,1
capture_2025-10-04T11:20:44.703Z.jpg,,1
capture_2025-10-04T11:20:48.693Z.jpg,,1
capture_2025-10-04T11:20:52.730Z.jpg,,1
capture_2025-10-04T11:20:56.619Z.jpg,,1
capture_2025-10-04T11:21:00.633Z.jpg,,2
capture_2025-10-04T11:21:04.605Z.jpg,,0
capture_2025-10-04T11:21:20.209Z.jpg,,1
capture_2025-10-04T11:21:20.651Z.jpg,,2
capture_2025-10-04T11:21:20.950Z.jpg,,2
capture_2025-10-04T11:21:21.183Z.jpg,,2
capture_2025-10-04T11:21:24.670Z.jpg,,2
capture_2025-10-04T11:21:28.642Z.jpg,,2
capture_2025-10-04T11:21:32.780Z.jpg,,2
capture_2025-10-04T11:21:36.800Z.jpg,,2
capture_2025-10-04T11:21:40.787Z.jpg,,2
capture_2025-10-04T11:21:44.667Z.jpg,,2
capture_2025-10-04T11:21:48.630Z.jpg,,2
capture_2025-10-04T11:21:52.618Z.jpg,,2
capture_2025-10-04T11:21:56.606Z.jpg,,2
capture_2025-10-04T11:22:00.748Z.jpg,,2
capture_2025-10-04T11:22:04.749Z.jpg,,2
capture_2025-10-04T11:22:08.739Z.jpg,,2
capture_2025-10-04T11:22:12.711Z.jpg,,2
capture_2025-10-04T11:22:16.733Z.jpg,,2
capture_2025-10-04T11:22:20.750Z.jpg,,2
capture_2025-10-04T11:22:24.622Z.jpg,,2
capture_2025-10-04T11:22:28.623Z.jpg,,2
capture_2025-10-04T11:22:32.681Z.jpg,,2
capture_2025-10-04T11:22:36.888Z.jpg,,2
capture_2025-10-04T11:22:40.752Z.jpg,,2
capture_2025-10-04T11:22:44.793Z.jpg,,2
capture_2025-10-04T11:22:48.770Z.jpg,,2
capture_2025-10-04T11:22:53.178Z.jpg,,2
capture_2025-10-04T11:22:57.141Z.jpg,,2
capture_2025-10-04T11:23:00.662Z.jpg,,2
capture_2025-10-04T11:23:06.444Z.jpg,,2
capture_2025-10-04T11:23:08.881Z.jpg,,2
capture_2025-10-04T11:23:12.789Z.jpg,,2
capture_2025-10-04T11:23:16.762Z.jpg,,2
capture_2025-10-04T11:23:20.817Z.jpg,,2
capture_2025-10-04T11:23:24.754Z.jpg,,2
capture_2025-10-04T11:23:35.317Z.jpg,,2
capture_2025-10-04T11:23:35.538Z.jpg,,3
capture_2025-10-04T11:23:37.160Z.jpg,,3
capture_2025-10-04T11:23:41.210Z.jpg,,3
capture_2025-10-04T11:23:44.954Z.jpg,,3
capture_2025-10-04T11:23:50.472Z.jpg,,2
capture_2025-10-04T11:23:52.861Z.jpg,,2
capture_2025-10-04T11:23:56.692Z.jpg,,2
capture_2025-10-04T11:24:00.740Z.jpg,,2
capture_2025-10-04T11:24:04.681Z.jpg,,2
capture_2025-10-04T11:24:10.041Z.jpg,,2
capture_2025-10-04T11:24:13.643Z.jpg,,2
capture_2025-10-04T11:24:20.171Z.jpg,,2
capture_2025-10-04T11:24:20.747Z.jpg,,1
capture_2025-10-04T11:24:49.840Z.jpg,,0
capture_2025-10-04T11:25:08.420Z.jpg,,1
capture_2025-10-04T11:25:08.874Z.jpg,,1
capture_2025-10-04T11:25:10.409Z.jpg,,1
capture_2025-10-04T11:25:35.702Z.jpg,,1
capture_2025-10-04T11:25:36.112Z.jpg,,0
capture_2025-10-04T11:25:36.373Z.jpg,,0
capture_2025-10-04T11:25:36.533Z.jpg,,0
capture_2025-10-04T11:25:36.882Z.jpg,,0
capture_2025-10-04T11:25:37.140Z.jpg,,1
capture_2025-10-04T11:25:37.304Z.jpg,,1
capture_2025-10-04T11:25:37.582Z.jpg,,0
capture_2025-10-04T11:25:40.744Z.jpg,,0
capture_2025-10-04T11:25:44.660Z.jpg,,1
capture_2025-10-04T11:25:48.763Z.jpg,,1
capture_2025-10-04T11:25:49.121Z.jpg,,1
capture_2025-10-04T11:25:49.402Z.jpg,,1
capture_2025-10-04T11:25:49.664Z.jpg,,1
capture_2025-10-04T11:25:49.932Z.jpg,,1
capture_2025-10-04T11:25:50.114Z.jpg,,1
capture_2025-10-04T11:25:52.723Z.jpg,,1
capture_2025-10-04T11:25:56.753Z.jpg,,1
capture_2025-10-04T11:26:00.770Z.jpg,,1
capture_2025-10-04T11:26:04.841Z.jpg,,1
capture_2025-10-04T11:26:08.787Z.jpg,,1
capture_2025-10-04T11:26:12.883Z.jpg,,1
capture_2025-10-04T11:26:16.682Z.jpg,,1
capture_2025-10-04T11:26:21.002Z.jpg,,1
capture_2025-10-04T11:26:24.777Z.jpg,,1
capture_2025-10-04T11:26:28.762Z.jpg,,1
capture_2025-10-04T11:26:32.601Z.jpg,,1
capture_2025-10-04T11:26:36.723Z.jpg,,1
capture_2025-10-04T11:26:40.719Z.jpg,,1
capture_2025-10-04T11:26:44.621Z.jpg,,1
capture_2025-10-04T11:26:48.682Z.jpg,,1
capture_2025-10-04T11:26:52.773Z.jpg,,1
capture_2025-10-04T11:26:56.764Z.jpg,,1
capture_2025-10-04T11:27:02.069Z.jpg,,1
capture_2025-10-04T11:27:04.803Z.jpg,,1
capture_2025-10-04T11:27:08.722Z.jpg,,1
capture_2025-10-04T11:27:12.679Z.jpg,,1
capture_2025-10-04T11:27:16.771Z.jpg,,1
capture_2025-10-04T11:27:20.793Z.jpg,,1
capture_2025-10-04T11:27:24.861Z.jpg,,1
capture_2025-10-04T11:27:28.752Z.jpg,,1
capture_2025-10-04T11:27:32.781Z.jpg,,1
capture_2025-10-04T11:27:36.647Z.jpg,,1
capture_2025-10-04T11:27:40.631Z.jpg,,1
capture_2025-10-04T11:27:44.661Z.jpg,,1
capture_2025-10-04T11:27:48.761Z.jpg,,1
capture_2025-10-04T11:27:52.733Z.jpg,,1
capture_2025-10-04T11:27:56.649Z.jpg,,1
capture_2025-10-04T11:28:00.815Z.jpg,,1
capture_2025-10-04T11:28:04.762Z.jpg,,1
capture_2025-10-04T11:28:08.666Z.jpg,,1
capture_2025-10-04T11:28:12.765Z.jpg,,1
capture_2025-10-04T11:28:16.773Z.jpg,,1
capture_2025-10-04T11:28:20.669Z.jpg,,1
capture_2025-10-04T11:28:24.744Z.jpg,,1
capture_2025-10-04T11:28:28.744Z.jpg,,1
capture_2025-10-04T11:28:32.752Z.jpg,,1
capture_2025-10-04T11:28:36.830Z.jpg,,0
capture_2025-10-04T11:28:40.794Z.jpg,,0
capture_2025-10-04T11:28:44.670Z.jpg,,0
capture_2025-10-04T11:28:48.773Z.jpg,,0
capture_2025-10-04T11:28:52.699Z.jpg,,1
capture_2025-10-04T11:28:56.754Z.jpg,,0
capture_2025-10-04T11:29:00.621Z.jpg,,1
capture_2025-10-04T11:29:04.712Z.jpg,,1
capture_2025-10-04T11:29:08.790Z.jpg,,2
capture_2025-10-04T11:29:12.663Z.jpg,,2
capture_2025-10-04T11:29:16.722Z.jpg,,2
capture_2025-10-04T11:29:20.752Z.jpg,,2
capture_2025-10-04T11:29:24.743Z.jpg,,2
capture_2025-10-04T11:29:28.713Z.jpg,,2
capture_2025-10-04T11:29:32.740Z.jpg,,2
capture_2025-10-04T11:29:36.742Z.jpg,,2
capture_2025-10-04T11:29:40.642Z.jpg,,2
capture_2025-10-04T11:29:44.629Z.jpg,,2
capture_2025-10-04T11:29:48.618Z.jpg,,2
capture_2025-10-04T11:29:52.742Z.jpg,,2
capture_2025-10-04T11:29:56.757Z.jpg,,2
capture_2025-10-04T11:30:00.726Z.jpg,,2
capture_2025-10-04T11:30:04.742Z.jpg,,1
capture_2025-10-04T11:30:08.642Z.jpg,,2
capture_2025-10-04T11:30:12.757Z.jpg,,1
capture_2025-10-04T11:30:16.754Z.jpg,,2
capture_2025-10-04T11:30:20.863Z.jpg,,2
capture_2025-10-04T11:30:24.662Z.jpg,,2
capture_2025-10-04T11:30:28.734Z.jpg,,2
capture_2025-10-04T11:30:32.794Z.jpg,,1
capture_2025-10-04T11:30:36.741Z.jpg,,2
capture_2025-10-04T11:30:40.731Z.jpg,,2
capture_2025-10-04T11:30:44.742Z.jpg,,2
capture_2025-10-04T11:30:48.702Z.jpg,,2
capture_2025-10-04T11:30:52.744Z.jpg,,2
capture_2025-10-04T11:30:57.014Z.jpg,,2
capture_2025-10-04T11:31:00.756Z.jpg,,2
capture_2025-10-04T11:31:04.752Z.jpg,,2
capture_2025-10-04T11:31:08.766Z.jpg,,2
capture_2025-10-04T11:31:12.655Z.jpg,,2
capture_2025-10-04T11:31:16.653Z.jpg,,2
capture_2025-10-04T11:31:20.733Z.jpg,,2
capture_2025-10-04T11:31:24.721Z.jpg,,2
capture_2025-10-04T11:31:28.621Z.jpg,,2
capture_2025-10-04T11:31:32.713Z.jpg,,1
capture_2025-10-04T11:31:36.763Z.jpg,,0
capture_2025-10-04T11:31:40.863Z.jpg,,1
capture_2025-10-04T11:31:44.824Z.jpg,,1
capture_2025-10-04T11:31:48.724Z.jpg,,1
capture_2025-10-04T11:31:52.857Z.jpg,,1
capture_2025-10-04T11:31:56.744Z.jpg,,1
capture_2025-10-04T11:32:00.810Z.jpg,,1
capture_2025-10-04T11:32:04.814Z.jpg,,1
capture_2025-10-04T11:32:08.752Z.jpg,,1
capture_2025-10-04T11:32:12.809Z.jpg,,1
capture_2025-10-04T11:32:16.663Z.jpg,,1
capture_2025-10-04T11:32:20.770Z.jpg,,1
capture_2025-10-04T11:32:24.773Z.jpg,,1
capture_2025-10-04T11:32:28.672Z.jpg,,1
capture_2025-10-04T11:32:32.673Z.jpg,,2
capture_2025-10-04T11:32:36.863Z.jpg,,2
capture_2025-10-04T11:32:40.852Z.jpg,,2
capture_2025-10-04T11:32:44.894Z.jpg,,2
capture_2025-10-04T11:32:48.805Z.jpg,,2
capture_2025-10-04T11:32:52.705Z.jpg,,2
capture_2025-10-04T11:32:56.681Z.jpg,,2
capture_2025-10-04T11:33:00.856Z.jpg,,2
capture_2025-10-04T11:33:04.804Z.jpg,,2
capture_2025-10-04T11:33:08.681Z.jpg,,2
capture_2025-10-04T11:33:12.832Z.jpg,,2
capture_2025-10-04T11:33:17.020Z.jpg,,2
capture_2025-10-04T11:33:20.774Z.jpg,,2
capture_2025-10-04T11:33:24.742Z.jpg,,2
capture_2025-10-04T11:33:28.653Z.jpg,,2
capture_2025-10-04T11:33:32.802Z.jpg,,1
capture_2025-10-04T11:33:36.793Z.jpg,,2
capture_2025-10-04T11:33:40.755Z.jpg,,2
capture_2025-10-04T11:33:44.649Z.jpg,,2
capture_2025-10-04T11:33:48.733Z.jpg,,2
capture_2025-10-04T11:33:52.753Z.jpg,,2
capture_2025-10-04T11:33:56.762Z.jpg,,2
capture_2025-10-04T11:34:00.653Z.jpg,,1
capture_2025-10-04T11:34:04.640Z.jpg,,2
capture_2025-10-04T11:34:08.753Z.jpg,,2
capture_2025-10-04T11:34:12.670Z.jpg,,2
capture_2025-10-04T11:34:16.800Z.jpg,,2
capture_2025-10-04T11:34:20.785Z.jpg,,2
capture_2025-10-04T11:34:24.691Z.jpg,,1
capture_2025-10-04T11:34:29.041Z.jpg,,1
capture_2025-10-04T11:34:32.671Z.jpg,,2
capture_2025-10-04T11:34:36.654Z.jpg,,2
capture_2025-10-04T11:34:40.762Z.jpg,,2
capture_2025-10-04T11:34:44.722Z.jpg,,1
capture_2025-10-04T11:34:48.610Z.jpg,,2
capture_2025-10-04T11:34:52.793Z.jpg,,2
capture_2025-10-04T11:34:56.817Z.jpg,,2
capture_2025-10-04T11:35:00.720Z.jpg,,2
capture_2025-10-04T11:35:04.665Z.jpg,,3
capture_2025-10-04T11:35:08.712Z.jpg,,3
capture_2025-10-04T11:35:12.765Z.jpg,,2
capture_2025-10-04T11:35:16.725Z.jpg,,2
capture_2025-10-04T11:35:20.631Z.jpg,,2
capture_2025-10-04T11:35:24.757Z.jpg,,3
capture_2025-10-04T11:35:28.717Z.jpg,,2
capture_2025-10-04T11:35:32.715Z.jpg,,2
capture_2025-10-04T11:35:36.650Z.jpg,,3
capture_2025-10-04T11:35:40.724Z.jpg,,3
capture_2025-10-04T11:35:44.644Z.jpg,,3
capture_2025-10-04T11:35:48.629Z.jpg,,3
capture_2025-10-04T11:35:52.753Z.jpg,,3
capture_2025-10-04T11:35:56.735Z.jpg,,2
capture_2025-10-04T11:36:00.641Z.jpg,,3
capture_2025-10-04T11:36:04.670Z.jpg,,1
capture_2025-10-04T11:36:08.642Z.jpg,,1
capture_2025-10-04T11:36:12.743Z.jpg,,3
capture_2025-10-04T11:36:16.732Z.jpg,,3
capture_2025-10-04T11:36:20.751Z.jpg,,3
capture_2025-10-04T11:36:24.630Z.jpg,,3
capture_2025-10-04T11:36:28.734Z.jpg,,3
capture_2025-10-04T11:36:32.654Z.jpg,,1
capture_2025-10-04T11:36:36.735Z.jpg,,3
capture_2025-10-04T11:36:40.831Z.jpg,,3
capture_2025-10-04T11:36:44.692Z.jpg,,3
capture_2025-10-04T11:36:48.635Z.jpg,,1
capture_2025-10-04T11:36:52.623Z.jpg,,2
capture_2025-10-04T11:36:56.625Z.jpg,,1
capture_2025-10-04T11:37:00.674Z.jpg,,1
capture_2025-10-04T11:37:04.751Z.jpg,,2
capture_2025-10-04T11:37:08.666Z.jpg,,1
capture_2025-10-04T11:37:12.663Z.jpg,,2
capture_2025-10-04T11:37:16.739Z.jpg,,2
capture_2025-10-04T11:37:20.933Z.jpg,,2
capture_2025-10-04T11:37:24.651Z.jpg,,2
capture_2025-10-04T11:37:28.625Z.jpg,,2
capture_2025-10-04T11:37:32.679Z.jpg,,2
capture_2025-10-04T11:37:36.763Z.jpg,,2
capture_2025-10-04T11:37:40.654Z.jpg,,2
capture_2025-10-04T11:37:44.787Z.jpg,,2
capture_2025-10-04T11:37:48.755Z.jpg,,2
capture_2025-10-04T11:37:52.645Z.jpg,,2
capture_2025-10-04T11:37:56.771Z.jpg,,2
capture_2025-10-04T11:38:00.752Z.jpg,,1
capture_2025-10-04T11:38:04.778Z.jpg,,2
capture_2025-10-04T11:38:08.743Z.jpg,,2
capture_2025-10-04T11:38:12.750Z.jpg,,2
capture_2025-10-04T11:38:16.641Z.jpg,,2
capture_2025-10-04T11:38:20.647Z.jpg,,2
capture_2025-10-04T11:38:24.753Z.jpg,,2
capture_2025-10-04T11:38:28.780Z.jpg,,2
capture_2025-10-04T11:38:32.782Z.jpg,,2
capture_2025-10-04T11:38:36.680Z.jpg,,2
capture_2025-10-04T11:38:40.771Z.jpg,,2
capture_2025-10-04T11:38:44.750Z.jpg,,2
capture_2025-10-04T11:38:48.693Z.jpg,,2
capture_2025-10-04T11:38:52.661Z.jpg,,2
capture_2025-10-04T11:38:56.763Z.jpg,,2
capture_2025-10-04T11:39:00.663Z.jpg,,2
capture_2025-10-04T11:39:04.640Z.jpg,,2
capture_2025-10-04T11:39:08.639Z.jpg,,2
capture_2025-10-04T11:39:12.745Z.jpg,,0
capture_2025-10-04T11:39:16.802Z.jpg,,2
capture_2025-10-04T11:39:20.683Z.jpg,,2
capture_2025-10-04T11:39:24.669Z.jpg,,2
capture_2025-10-04T11:39:28.762Z.jpg,,2
capture_2025-10-04T11:39:32.753Z.jpg,,1
capture_2025-10-04T11:39:36.760Z.jpg,,1
capture_2025-10-04T11:39:40.761Z.jpg,,2
capture_2025-10-04T11:39:44.661Z.jpg,,1
capture_2025-10-04T11:39:48.654Z.jpg,,1
capture_2025-10-04T11:39:52.772Z.jpg,,1
capture_2025-10-04T11:39:56.649Z.jpg,,1
capture_2025-10-04T11:40:00.652Z.jpg,,1
capture_2025-10-04T11:40:04.641Z.jpg,,1
capture_2025-10-04T11:40:08.691Z.jpg,,1
capture_2025-10-04T11:40:12.740Z.jpg,,1
capture_2025-10-04T11:40:16.762Z.jpg,,1
capture_2025-10-04T11:40:20.664Z.jpg,,1
capture_2025-10-04T11:40:24.622Z.jpg,,1
capture_2025-10-04T11:40:28.660Z.jpg,,1
capture_2025-10-04T11:40:32.763Z.jpg,,1
capture_2025-10-04T11:40:36.774Z.jpg,,1
capture_2025-10-04T11:40:40.793Z.jpg,,1
capture_2025-10-04T11:40:44.661Z.jpg,,1
capture_2025-10-04T11:40:48.795Z.jpg,,1
capture_2025-10-04T11:40:52.834Z.jpg,,1
capture_2025-10-04T11:40:56.783Z.jpg,,1
capture_2025-10-04T11:41:00.716Z.jpg,,1
capture_2025-10-04T11:41:04.743Z.jpg,,1
capture_2025-10-04T11:41:08.842Z.jpg,,1
capture_2025-10-04T11:41:12.682Z.jpg,,1
capture_2025-10-04T11:41:16.681Z.jpg,,1
capture_2025-10-04T11:41:20.859Z.jpg,,1
capture_2025-10-04T11:41:24.784Z.jpg,,1
capture_2025-10-04T11:41:28.820Z.jpg,,1
capture_2025-10-04T11:41:32.763Z.jpg,,1
capture_2025-10-04T11:41:36.684Z.jpg,,1
capture_2025-10-04T11:41:40.812Z.jpg,,1
capture_2025-10-04T11:41:44.694Z.jpg,,1
capture_2025-10-04T11:41:48.683Z.jpg,,1
capture_2025-10-04T11:41:52.724Z.jpg,,1
capture_2025-10-04T11:41:56.711Z.jpg,,1
capture_2025-10-04T11:42:00.705Z.jpg,,1
capture_2025-10-04T11:42:04.664Z.jpg,,1
capture_2025-10-04T11:42:08.803Z.jpg,,1
capture_2025-10-04T11:42:12.794Z.jpg,,1
capture_2025-10-04T11:42:16.827Z.jpg,,1
capture_2025-10-04T11:42:20.703Z.jpg,,1
capture_2025-10-04T11:42:24.681Z.jpg,,1
capture_2025-10-04T11:42:28.691Z.jpg,,1
capture_2025-10-04T11:42:32.838Z.jpg,,1
capture_2025-10-04T11:42:36.664Z.jpg,,1
capture_2025-10-04T11:42:40.794Z.jpg,,1
capture_2025-10-04T11:42:44.775Z.jpg,,1
capture_2025-10-04T11:42:48.641Z.jpg,,1
capture_2025-10-04T11:42:52.706Z.jpg,,1
capture_2025-10-04T11:42:56.765Z.jpg,,1
capture_2025-10-04T11:43:00.770Z.jpg,,1
capture_2025-10-04T11:43:04.733Z.jpg,,1
capture_2025-10-04T11:43:08.654Z.jpg,,1
capture_2025-10-04T11:43:12.663Z.jpg,,1
capture_2025-10-04T11:43:16.702Z.jpg,,1
capture_2025-10-04T11:43:20.775Z.jpg,,1
capture_2025-10-04T11:43:24.776Z.jpg,,1
capture_2025-10-04T11:43:28.759Z.jpg,,1
capture_2025-10-04T11:43:32.684Z.jpg,,1
capture_2025-10-04T11:43:36.777Z.jpg,,1
capture_2025-10-04T11:43:40.764Z.jpg,,1
capture_2025-10-04T11:43:44.653Z.jpg,,1
capture_2025-10-04T11:43:48.773Z.jpg,,1
capture_2025-10-04T11:43:52.797Z.jpg,,1
capture_2025-10-04T11:43:56.785Z.jpg,,1
capture_2025-10-04T11:44:00.655Z.jpg,,1
capture_2025-10-04T11:44:04.764Z.jpg,,1
capture_2025-10-04T11:44:08.709Z.jpg,,1
capture_2025-10-04T11:44:12.777Z.jpg,,1
capture_2025-10-04T11:44:16.730Z.jpg,,1
capture_2025-10-04T11:44:20.764Z.jpg,,1
capture_2025-10-04T11:44:24.776Z.jpg,,1
capture_2025-10-04T11:44:28.805Z.jpg,,1
capture_2025-10-04T11:44:32.884Z.jpg,,1
capture_2025-10-04T11:44:36.765Z.jpg,,1
capture_2025-10-04T11:44:40.675Z.jpg,,1
capture_2025-10-04T11:44:44.637Z.jpg,,1
capture_2025-10-04T11:44:48.643Z.jpg,,1
capture_2025-10-04T11:44:52.785Z.jpg,,1
capture_2025-10-04T11:44:56.707Z.jpg,,1
capture_2025-10-04T11:45:00.643Z.jpg,,1
capture_2025-10-04T11:45:04.734Z.jpg,,1
capture_2025-10-04T11:45:08.764Z.jpg,,1
capture_2025-10-04T11:45:12.675Z.jpg,,1
capture_2025-10-04T11:45:16.775Z.jpg,,1
capture_2025-10-04T11:45:20.786Z.jpg,,1
capture_2025-10-04T11:45:24.754Z.jpg,,1
capture_2025-10-04T11:45:28.673Z.jpg,,1
capture_2025-10-04T11:45:32.792Z.jpg,,1
capture_2025-10-04T11:45:36.659Z.jpg,,1
capture_2025-10-04T11:45:40.666Z.jpg,,1
capture_2025-10-04T11:45:44.636Z.jpg,,1
capture_2025-10-04T11:45:48.754Z.jpg,,1
capture_2025-10-04T11:45:52.633Z.jpg,,1
capture_2025-10-04T11:45:56.674Z.jpg,,1
capture_2025-10-04T11:46:00.734Z.jpg,,1
capture_2025-10-04T11:46:05.458Z.jpg,,1
capture_2025-10-04T11:46:09.728Z.jpg,,1
capture_2025-10-04T11:46:13.777Z.jpg,,1
capture_2025-10-04T11:46:17.756Z.jpg,,1
capture_2025-10-04T11:46:21.644Z.jpg,,1
capture_2025-10-04T11:46:25.635Z.jpg,,1
capture_2025-10-04T11:46:29.810Z.jpg,,1
capture_2025-10-04T11:46:33.672Z.jpg,,1
capture_2025-10-04T11:46:37.736Z.jpg,,1
capture_2025-10-04T11:46:41.715Z.jpg,,1
capture_2025-10-04T11:46:45.761Z.jpg,,1
capture_2025-10-04T11:46:49.762Z.jpg,,1
capture_2025-10-04T11:46:53.808Z.jpg,,1
capture_2025-10-04T11:46:57.353Z.jpg,,2
capture_2025-10-04T11:47:00.782Z.jpg,,1
capture_2025-10-04T11:47:04.623Z.jpg,,1
capture_2025-10-04T11:47:08.795Z.jpg,,1
capture_2025-10-04T11:47:12.798Z.jpg,,2
capture_2025-10-04T11:47:16.656Z.jpg,,1
capture_2025-10-04T11:47:20.663Z.jpg,,1
capture_2025-10-04T11:47:24.639Z.jpg,,1
capture_2025-10-04T11:47:28.745Z.jpg,,1
capture_2025-10-04T11:47:32.755Z.jpg,,1
capture_2025-10-04T11:47:36.745Z.jpg,,1
capture_2025-10-04T11:47:40.860Z.jpg,,2
capture_2025-10-04T11:47:44.736Z.jpg,,1
capture_2025-10-04T11:47:48.817Z.jpg,,1
capture_2025-10-04T11:47:52.767Z.jpg,,1
capture_2025-10-04T11:47:56.790Z.jpg,,2
capture_2025-10-04T11:48:00.766Z.jpg,,1
capture_2025-10-04T11:48:04.817Z.jpg,,2
capture_2025-10-04T11:48:08.765Z.jpg,,2
capture_2025-10-04T11:48:12.790Z.jpg,,1
capture_2025-10-04T11:48:16.817Z.jpg,,1
capture_2025-10-04T11:48:20.675Z.jpg,,1
capture_2025-10-04T11:48:24.656Z.jpg,,1
capture_2025-10-04T11:48:28.655Z.jpg,,1
capture_2025-10-04T11:48:32.778Z.jpg,,1
capture_2025-10-04T11:48:36.789Z.jpg,,2
capture_2025-10-04T11:48:40.757Z.jpg,,2
capture_2025-10-04T11:48:44.797Z.jpg,,1
capture_2025-10-04T11:48:48.708Z.jpg,,1
capture_2025-10-04T11:48:52.876Z.jpg,,2
capture_2025-10-04T11:48:56.685Z.jpg,,2
capture_2025-10-04T11:49:00.716Z.jpg,,1
capture_2025-10-04T11:49:04.665Z.jpg,,2
capture_2025-10-04T11:49:08.678Z.jpg,,2
capture_2025-10-04T11:49:12.675Z.jpg,,2
capture_2025-10-04T11:49:16.788Z.jpg,,2
capture_2025-10-04T11:49:20.700Z.jpg,,1
capture_2025-10-04T11:49:24.676Z.jpg,,2
capture_2025-10-04T11:49:28.794Z.jpg,,2
capture_2025-10-04T11:49:32.868Z.jpg,,1
capture_2025-10-04T11:49:37.780Z.jpg,,2
capture_2025-10-04T11:49:41.045Z.jpg,,2
capture_2025-10-04T11:49:44.672Z.jpg,,1
capture_2025-10-04T11:49:48.674Z.jpg,,2
capture_2025-10-04T11:49:52.668Z.jpg,,2
capture_2025-10-04T11:49:56.786Z.jpg,,1
capture_2025-10-04T11:50:00.755Z.jpg,,2
capture_2025-10-04T11:50:04.777Z.jpg,,2
capture_2025-10-04T11:50:08.707Z.jpg,,1
capture_2025-10-04T11:50:12.688Z.jpg,,2
capture_2025-10-04T11:50:16.670Z.jpg,,1
capture_2025-10-04T11:50:20.758Z.jpg,,2
capture_2025-10-04T11:50:24.680Z.jpg,,2
capture_2025-10-04T11:50:28.779Z.jpg,,2
capture_2025-10-04T11:50:32.693Z.jpg,,2
capture_2025-10-04T11:50:36.772Z.jpg,,2
capture_2025-10-04T11:50:40.769Z.jpg,,2
capture_2025-10-04T11:50:44.749Z.jpg,,2
capture_2025-10-04T11:50:48.708Z.jpg,,2
capture_2025-10-04T11:50:52.679Z.jpg,,2
capture_2025-10-04T11:50:56.800Z.jpg,,1
capture_2025-10-04T11:51:00.787Z.jpg,,1
capture_2025-10-04T11:51:04.778Z.jpg,,2
capture_2025-10-04T11:51:11.159Z.jpg,,1
capture_2025-10-04T11:51:12.776Z.jpg,,2
capture_2025-10-04T11:51:16.781Z.jpg,,1
capture_2025-10-04T11:51:20.706Z.jpg,,2
capture_2025-10-04T11:51:24.749Z.jpg,,2
capture_2025-10-04T11:51:28.676Z.jpg,,1
capture_2025-10-04T11:51:32.769Z.jpg,,2
capture_2025-10-04T11:51:36.677Z.jpg,,2
capture_2025-10-04T11:51:40.657Z.jpg,,1
capture_2025-10-04T11:51:44.747Z.jpg,,1
capture_2025-10-04T11:51:48.668Z.jpg,,1
capture_2025-10-04T11:51:52.768Z.jpg,,1
capture_2025-10-04T11:51:56.800Z.jpg,,2
capture_2025-10-04T11:52:00.686Z.jpg,,2
capture_2025-10-04T11:52:04.779Z.jpg,,2
capture_2025-10-04T11:52:08.668Z.jpg,,2
capture_2025-10-04T11:52:12.921Z.jpg,,1
capture_2025-10-04T11:52:16.707Z.jpg,,1
capture_2025-10-04T11:52:20.701Z.jpg,,1
capture_2025-10-04T11:52:24.679Z.jpg,,1
capture_2025-10-04T11:52:28.649Z.jpg,,1
capture_2025-10-04T11:52:32.666Z.jpg,,1
capture_2025-10-04T11:52:36.800Z.jpg,,0
capture_2025-10-04T11:52:40.808Z.jpg,,0
capture_2025-10-04T11:52:44.677Z.jpg,,0
capture_2025-10-04T11:52:48.797Z.jpg,,0
capture_2025-10-04T11:52:52.758Z.jpg,,0
capture_2025-10-04T11:52:56.798Z.jpg,,0
capture_2025-10-04T11:53:01.695Z.jpg,,0
capture_2025-10-04T11:53:05.761Z.jpg,,0
capture_2025-10-04T11:53:08.897Z.jpg,,0
capture_2025-10-04T11:53:12.792Z.jpg,,0
capture_2025-10-04T11:53:17.096Z.jpg,,0
capture_2025-10-04T11:53:20.658Z.jpg,,0
capture_2025-10-04T11:53:24.627Z.jpg,,0
capture_2025-10-04T11:53:28.706Z.jpg,,0
capture_2025-10-04T11:53:32.743Z.jpg,,0
capture_2025-10-04T11:53:36.718Z.jpg,,0
capture_2025-10-04T11:53:40.696Z.jpg,,0
capture_2025-10-04T11:53:44.705Z.jpg,,0
capture_2025-10-04T11:53:48.688Z.jpg,,0
capture_2025-10-04T11:53:52.739Z.jpg,,0
capture_2025-10-04T11:53:56.626Z.jpg,,0
capture_2025-10-04T11:54:00.573Z.jpg,,0
capture_2025-10-04T11:54:04.727Z.jpg,,0
capture_2025-10-04T11:54:08.616Z.jpg,,0
capture_2025-10-04T11:54:12.722Z.jpg,,0
capture_2025-10-04T11:54:16.635Z.jpg,,0
capture_2025-10-04T11:54:20.724Z.jpg,,0
capture_2025-10-04T11:54:24.605Z.jpg,,0
capture_2025-10-04T11:54:28.721Z.jpg,,0
capture_2025-10-04T11:54:32.646Z.jpg,,0
capture_2025-10-04T11:54:36.687Z.jpg,,0
capture_2025-10-04T11:54:40.749Z.jpg,,1
capture_2025-10-04T11:54:44.706Z.jpg,,0
capture_2025-10-04T11:54:48.686Z.jpg,,0
capture_2025-10-04T11:54:52.627Z.jpg,,1
capture_2025-10-04T11:54:56.686Z.jpg,,0
capture_2025-10-04T11:55:00.687Z.jpg,,0
capture_2025-10-04T11:55:04.687Z.jpg,,0
capture_2025-10-04T11:55:08.739Z.jpg,,0
capture_2025-10-04T11:55:12.604Z.jpg,,0
capture_2025-10-04T11:55:16.738Z.jpg,,1
capture_2025-10-04T11:55:20.655Z.jpg,,1
capture_2025-10-04T11:55:24.594Z.jpg,,1
capture_2025-10-04T11:55:28.593Z.jpg,,1
capture_2025-10-04T11:55:32.634Z.jpg,,1
capture_2025-10-04T11:55:36.748Z.jpg,,0
capture_2025-10-04T11:55:40.631Z.jpg,,1
capture_2025-10-04T11:55:44.723Z.jpg,,1
capture_2025-10-04T11:55:48.887Z.jpg,,0
capture_2025-10-04T11:55:52.706Z.jpg,,1
capture_2025-10-04T11:55:56.608Z.jpg,,1
capture_2025-10-04T11:56:00.684Z.jpg,,1
capture_2025-10-04T11:56:04.766Z.jpg,,2
capture_2025-10-04T11:56:08.666Z.jpg,,1
capture_2025-10-04T11:56:13.037Z.jpg,,0
capture_2025-10-04T11:56:16.715Z.jpg,,1
capture_2025-10-04T11:56:20.729Z.jpg,,1
capture_2025-10-04T11:56:24.757Z.jpg,,1
capture_2025-10-04T11:56:28.944Z.jpg,,1
capture_2025-10-04T11:56:32.898Z.jpg,,1
capture_2025-10-04T11:56:36.836Z.jpg,,1
capture_2025-10-04T11:56:40.585Z.jpg,,1
capture_2025-10-04T11:56:45.397Z.jpg,,1
capture_2025-10-04T11:56:48.602Z.jpg,,1
capture_2025-10-04T11:56:52.741Z.jpg,,0
capture_2025-10-04T11:56:56.687Z.jpg,,0
capture_2025-10-04T11:57:00.616Z.jpg,,0
capture_2025-10-04T11:57:04.795Z.jpg,,0
capture_2025-10-04T11:57:10.151Z.jpg,,0
capture_2025-10-04T11:57:12.638Z.jpg,,0
capture_2025-10-04T11:57:16.690Z.jpg,,0
capture_2025-10-04T11:57:20.764Z.jpg,,0
capture_2025-10-04T11:57:24.704Z.jpg,,0
capture_2025-10-04T11:57:28.777Z.jpg,,0
capture_2025-10-04T11:57:32.607Z.jpg,,0
capture_2025-10-04T11:57:36.967Z.jpg,,0
capture_2025-10-04T11:57:40.909Z.jpg,,0
capture_2025-10-04T11:57:44.766Z.jpg,,0
capture_2025-10-04T11:57:48.613Z.jpg,,0
capture_2025-10-04T11:57:52.589Z.jpg,,0
capture_2025-10-04T11:57:57.681Z.jpg,,1
capture_2025-10-04T11:58:01.677Z.jpg,,0
capture_2025-10-04T11:58:04.743Z.jpg,,0
capture_2025-10-04T11:58:09.627Z.jpg,,0
capture_2025-10-04T11:58:13.674Z.jpg,,0
capture_2025-10-04T11:58:17.623Z.jpg,,1
capture_2025-10-04T11:58:21.685Z.jpg,,0
capture_2025-10-04T11:58:25.588Z.jpg,,0
capture_2025-10-04T11:58:29.807Z.jpg,,0
capture_2025-10-04T11:58:33.640Z.jpg,,0
capture_2025-10-04T11:58:37.703Z.jpg,,0
capture_2025-10-04T11:58:41.894Z.jpg,,0
capture_2025-10-04T11:58:45.684Z.jpg,,0
capture_2025-10-04T11:58:49.635Z.jpg,,0
capture_2025-10-04T11:58:57.669Z.jpg,,0
capture_2025-10-04T11:59:57.645Z.jpg,,1
capture_2025-10-04T12:00:57.717Z.jpg,,1
capture_2025-10-04T12:01:57.736Z.jpg,,1
capture_2025-10-04T12:02:58.232Z.jpg,,1
capture_2025-10-04T12:03:57.782Z.jpg,,1
capture_2025-10-04T12:04:57.737Z.jpg,,1
capture_2025-10-04T12:05:57.953Z.jpg,,0
capture_2025-10-04T12:06:57.695Z.jpg,,0
capture_2025-10-04T12:07:57.835Z.jpg,,0
capture_2025-10-04T12:08:57.726Z.jpg,,0
capture_2025-10-04T12:09:57.749Z.jpg,,0
capture_2025-10-04T12:10:58.046Z.jpg,,1
capture_2025-10-04T12:11:57.706Z.jpg,,0
capture_2025-10-04T12:12:58.186Z.jpg,,1
capture_2025-10-04T12:13:57.684Z.jpg,,0
capture_2025-10-04T12:14:57.956Z.jpg,,0
capture_2025-10-04T12:15:58.025Z.jpg,,0
capture_2025-10-04T12:16:59.686Z.jpg,,0
capture_2025-10-04T12:17:58.173Z.jpg,,0
capture_2025-10-04T12:18:57.988Z.jpg,,0
capture_2025-10-04T12:19:58.072Z.jpg,,0
capture_2025-10-04T12:20:57.808Z.jpg,,1
capture_2025-10-04T12:21:58.129Z.jpg,,1
capture_2025-10-04T12:22:57.739Z.jpg,,1
capture_2025-10-04T12:23:57.719Z.jpg,,1
capture_2025-10-04T12:24:57.698Z.jpg,,1
capture_2025-10-04T12:25:57.908Z.jpg,,1
capture_2025-10-04T12:26:57.843Z.jpg,,1
capture_2025-10-04T12:27:58.780Z.jpg,,0
capture_2025-10-04T12:28:58.013Z.jpg,,1
capture_2025-10-04T12:29:27.577Z.jpg,,0
capture_2025-10-04T12:29:28.692Z.jpg,,0
capture_2025-10-04T12:29:32.903Z.jpg,,0
capture_2025-10-04T12:29:36.686Z.jpg,,0
capture_2025-10-04T12:29:40.759Z.jpg,,1
capture_2025-10-04T12:29:44.814Z.jpg,,2
capture_2025-10-04T12:29:48.685Z.jpg,,2
capture_2025-10-04T12:29:52.732Z.jpg,,1
capture_2025-10-04T12:29:56.867Z.jpg,,1
capture_2025-10-04T12:30:00.802Z.jpg,,1
capture_2025-10-04T12:30:04.682Z.jpg,,1
capture_2025-10-04T12:30:08.694Z.jpg,,1
capture_2025-10-04T12:30:12.814Z.jpg,,1
capture_2025-10-04T12:30:16.813Z.jpg,,1
capture_2025-10-04T12:30:20.663Z.jpg,,1
capture_2025-10-04T12:30:24.842Z.jpg,,0
capture_2025-10-04T12:30:28.803Z.jpg,,1
capture_2025-10-04T12:30:32.784Z.jpg,,1
capture_2025-10-04T12:30:36.702Z.jpg,,1
capture_2025-10-04T12:30:40.814Z.jpg,,1
capture_2025-10-04T12:30:44.713Z.jpg,,1
capture_2025-10-04T12:30:48.795Z.jpg,,1
capture_2025-10-04T12:30:52.813Z.jpg,,1
capture_2025-10-04T12:30:56.803Z.jpg,,1
capture_2025-10-04T12:31:00.692Z.jpg,,1
capture_2025-10-04T12:31:04.732Z.jpg,,1
capture_2025-10-04T12:31:08.722Z.jpg,,1
capture_2025-10-04T12:31:12.713Z.jpg,,1
capture_2025-10-04T12:31:16.682Z.jpg,,1
capture_2025-10-04T12:31:20.782Z.jpg,,1
capture_2025-10-04T12:31:24.674Z.jpg,,1
capture_2025-10-04T12:31:28.783Z.jpg,,1
capture_2025-10-04T12:31:32.803Z.jpg,,1
capture_2025-10-04T12:31:36.745Z.jpg,,1
capture_2025-10-04T12:31:40.783Z.jpg,,1
capture_2025-10-04T12:31:44.823Z.jpg,,1
capture_2025-10-04T12:31:48.804Z.jpg,,1
capture_2025-10-04T12:31:52.721Z.jpg,,1
capture_2025-10-04T12:31:56.813Z.jpg,,1
capture_2025-10-04T12:32:00.703Z.jpg,,1
capture_2025-10-04T12:32:04.865Z.jpg,,0
capture_2025-10-04T12:32:08.762Z.jpg,,1
capture_2025-10-04T12:32:12.793Z.jpg,,2
capture_2025-10-04T12:32:16.965Z.jpg,,2
capture_2025-10-04T12:32:20.682Z.jpg,,2
capture_2025-10-04T12:32:25.036Z.jpg,,2
capture_2025-10-04T12:32:28.854Z.jpg,,2
capture_2025-10-04T12:32:32.791Z.jpg,,1
capture_2025-10-04T12:32:36.755Z.jpg,,2
capture_2025-10-04T12:32:41.089Z.jpg,,2
capture_2025-10-04T12:32:45.005Z.jpg,,2
capture_2025-10-04T12:32:48.797Z.jpg,,2
capture_2025-10-04T12:32:52.805Z.jpg,,2
capture_2025-10-04T12:32:56.814Z.jpg,,2
capture_2025-10-04T12:33:01.004Z.jpg,,2
capture_2025-10-04T12:33:04.773Z.jpg,,2
capture_2025-10-04T12:33:08.805Z.jpg,,2
capture_2025-10-04T12:33:12.911Z.jpg,,1
capture_2025-10-04T12:33:16.854Z.jpg,,1
capture_2025-10-04T12:33:21.084Z.jpg,,2
capture_2025-10-04T12:33:24.694Z.jpg,,2
capture_2025-10-04T12:33:28.693Z.jpg,,2
capture_2025-10-04T12:33:32.780Z.jpg,,2
capture_2025-10-04T12:33:37.218Z.jpg,,2
capture_2025-10-04T12:33:40.854Z.jpg,,2
capture_2025-10-04T12:33:44.851Z.jpg,,2
capture_2025-10-04T12:33:48.837Z.jpg,,2
capture_2025-10-04T12:33:52.805Z.jpg,,1
capture_2025-10-04T12:33:56.824Z.jpg,,2
capture_2025-10-04T12:34:00.804Z.jpg,,1
capture_2025-10-04T12:34:04.765Z.jpg,,2
capture_2025-10-04T12:34:08.786Z.jpg,,1
capture_2025-10-04T12:34:12.909Z.jpg,,1
capture_2025-10-04T12:34:16.966Z.jpg,,1
capture_2025-10-04T12:34:20.774Z.jpg,,1
capture_2025-10-04T12:34:24.774Z.jpg,,2
capture_2025-10-04T12:34:28.947Z.jpg,,1
capture_2025-10-04T12:34:32.930Z.jpg,,2
capture_2025-10-04T12:34:36.771Z.jpg,,2
capture_2025-10-04T12:34:41.041Z.jpg,,1
capture_2025-10-04T12:34:45.325Z.jpg,,1
capture_2025-10-04T12:34:49.786Z.jpg,,2
capture_2025-10-04T12:34:53.780Z.jpg,,1
capture_2025-10-04T12:34:57.804Z.jpg,,2
capture_2025-10-04T12:35:01.786Z.jpg,,2
capture_2025-10-04T12:35:05.819Z.jpg,,1
capture_2025-10-04T12:35:09.664Z.jpg,,2
capture_2025-10-04T12:35:12.851Z.jpg,,1
capture_2025-10-04T12:35:17.809Z.jpg,,1
capture_2025-10-04T12:35:21.672Z.jpg,,1
capture_2025-10-04T12:35:25.704Z.jpg,,2
capture_2025-10-04T12:35:28.844Z.jpg,,2
capture_2025-10-04T12:35:32.817Z.jpg,,2
capture_2025-10-04T12:35:37.770Z.jpg,,2
capture_2025-10-04T12:35:41.808Z.jpg,,2
capture_2025-10-04T12:35:57.918Z.jpg,,2
capture_2025-10-04T12:36:57.839Z.jpg,,2
capture_2025-10-04T12:37:57.801Z.jpg,,2
capture_2025-10-04T12:38:57.871Z.jpg,,0
capture_2025-10-04T12:39:57.698Z.jpg,,0
capture_2025-10-04T12:40:58.443Z.jpg,,0
capture_2025-10-04T12:41:22.664Z.jpg,,0
capture_2025-10-04T12:41:26.060Z.jpg,,0
capture_2025-10-04T12:41:29.430Z.jpg,,0
capture_2025-10-04T12:41:37.186Z.jpg,,0
capture_2025-10-04T12:41:39.584Z.jpg,,0
capture_2025-10-04T12:41:43.484Z.jpg,,0
capture_2025-10-04T12:41:48.550Z.jpg,,0
capture_2025-10-04T12:41:55.012Z.jpg,,0
capture_2025-10-04T12:41:57.630Z.jpg,,0
capture_2025-10-04T12:41:59.767Z.jpg,,0
capture_2025-10-04T12:42:03.247Z.jpg,,0
capture_2025-10-04T12:42:04.491Z.jpg,,0
capture_2025-10-04T12:42:07.366Z.jpg,,1
capture_2025-10-04T12:42:09.767Z.jpg,,0
capture_2025-10-04T12:42:13.033Z.jpg,,0
capture_2025-10-04T12:42:16.122Z.jpg,,0
capture_2025-10-04T12:42:17.493Z.jpg,,0
capture_2025-10-04T12:42:18.500Z.jpg,,0
capture_2025-10-04T12:42:20.443Z.jpg,,0
capture_2025-10-04T12:42:22.219Z.jpg,,0
capture_2025-10-04T12:42:23.790Z.jpg,,0
capture_2025-10-04T12:42:26.314Z.jpg,,0
capture_2025-10-04T12:42:29.714Z.jpg,,0
capture_2025-10-04T12:42:33.884Z.jpg,,0
capture_2025-10-04T12:42:37.462Z.jpg,,0
capture_2025-10-04T12:42:42.387Z.jpg,,1
capture_2025-10-04T12:42:45.639Z.jpg,,0
capture_2025-10-04T12:42:49.484Z.jpg,,0
capture_2025-10-04T12:42:53.423Z.jpg,,0
capture_2025-10-04T12:42:57.593Z.jpg,,1
capture_2025-10-04T12:43:01.723Z.jpg,,1
capture_2025-10-04T12:43:05.725Z.jpg,,0
capture_2025-10-04T12:43:09.527Z.jpg,,0
capture_2025-10-04T12:43:18.807Z.jpg,,0
capture_2025-10-04T12:43:19.641Z.jpg,,1
capture_2025-10-04T12:43:21.890Z.jpg,,0
capture_2025-10-04T12:43:27.523Z.jpg,,1
capture_2025-10-04T12:43:32.250Z.jpg,,0
capture_2025-10-04T12:43:37.746Z.jpg,,0
capture_2025-10-04T12:43:39.296Z.jpg,,0
capture_2025-10-04T12:43:41.242Z.jpg,,0
capture_2025-10-04T12:43:45.248Z.jpg,,0
capture_2025-10-04T12:43:49.272Z.jpg,,0
capture_2025-10-04T12:43:53.613Z.jpg,,0
capture_2025-10-04T12:43:57.212Z.jpg,,0
capture_2025-10-04T12:44:01.178Z.jpg,,0
capture_2025-10-04T12:44:04.990Z.jpg,,0
capture_2025-10-04T12:44:08.961Z.jpg,,0
capture_2025-10-04T12:44:12.907Z.jpg,,0
capture_2025-10-04T12:44:17.810Z.jpg,,0
capture_2025-10-04T12:44:26.238Z.jpg,,0
capture_2025-10-04T12:44:30.239Z.jpg,,1
capture_2025-10-04T12:44:31.219Z.jpg,,0
capture_2025-10-04T12:44:33.463Z.jpg,,1
capture_2025-10-04T12:44:37.188Z.jpg,,1
capture_2025-10-04T12:44:40.996Z.jpg,,1
capture_2025-10-04T12:44:45.916Z.jpg,,0
capture_2025-10-04T12:44:49.849Z.jpg,,0
capture_2025-10-04T12:44:54.302Z.jpg,,0
capture_2025-10-04T12:44:57.661Z.jpg,,0
capture_2025-10-04T12:45:01.645Z.jpg,,0
capture_2025-10-04T12:45:05.655Z.jpg,,0
capture_2025-10-04T12:45:09.781Z.jpg,,0
capture_2025-10-04T12:45:13.708Z.jpg,,0
capture_2025-10-04T12:45:17.697Z.jpg,,0
capture_2025-10-04T12:45:21.819Z.jpg,,0
capture_2025-10-04T12:45:25.655Z.jpg,,0
capture_2025-10-04T12:45:29.660Z.jpg,,0
capture_2025-10-04T12:45:33.681Z.jpg,,0
capture_2025-10-04T12:45:37.650Z.jpg,,0
capture_2025-10-04T12:45:41.970Z.jpg,,0
capture_2025-10-04T12:45:57.640Z.jpg,,0
capture_2025-10-04T12:46:57.648Z.jpg,,0
capture_2025-10-04T12:47:57.651Z.jpg,,0
capture_2025-10-04T12:48:57.672Z.jpg,,0
capture_2025-10-04T12:49:57.661Z.jpg,,0
capture_2025-10-04T12:50:57.693Z.jpg,,0
capture_2025-10-04T12:51:57.653Z.jpg,,0
capture_2025-10-04T12:52:57.675Z.jpg,,0
capture_2025-10-04T12:53:57.663Z.jpg,,0
capture_2025-10-04T12:54:57.642Z.jpg,,0
capture_2025-10-04T12:55:57.635Z.jpg,,0
capture_2025-10-04T12:56:57.627Z.jpg,,0
capture_2025-10-04T12:57:57.643Z.jpg,,0
capture_2025-10-04T12:58:57.654Z.jpg,,0
capture_2025-10-04T12:59:57.658Z.jpg,,0
capture_2025-10-04T13:00:57.649Z.jpg,,0
capture_2025-10-04T13:01:57.636Z.jpg,,0
capture_2025-10-04T13:02:57.647Z.jpg,,0
capture_2025-10-04T13:03:57.656Z.jpg,,0
capture_2025-10-04T13:04:57.658Z.jpg,,0
capture_2025-10-04T13:05:57.669Z.jpg,,0
capture_2025-10-04T13:06:57.792Z.jpg,,0
capture_2025-10-04T13:07:42.955Z.jpg,,0
capture_2025-10-04T13:07:44.840Z.jpg,,0
capture_2025-10-04T13:07:48.838Z.jpg,,0
capture_2025-10-04T13:07:52.817Z.jpg,,0
capture_2025-10-04T13:07:56.790Z.jpg,,0
capture_2025-10-04T13:08:00.710Z.jpg,,0
capture_2025-10-04T13:08:04.839Z.jpg,,0
capture_2025-10-04T13:08:10.248Z.jpg,,0
capture_2025-10-04T13:08:12.758Z.jpg,,0
capture_2025-10-04T13:08:16.702Z.jpg,,0
capture_2025-10-04T13:08:20.798Z.jpg,,0
capture_2025-10-04T13:08:24.819Z.jpg,,0
capture_2025-10-04T13:08:29.208Z.jpg,,0
capture_2025-10-04T13:08:32.823Z.jpg,,0
capture_2025-10-04T13:08:36.800Z.jpg,,0
capture_2025-10-04T13:08:40.678Z.jpg,,0
capture_2025-10-04T13:08:44.849Z.jpg,,0
capture_2025-10-04T13:08:48.814Z.jpg,,0
capture_2025-10-04T13:08:52.872Z.jpg,,0
capture_2025-10-04T13:08:56.698Z.jpg,,0
capture_2025-10-04T13:09:00.899Z.jpg,,0
capture_2025-10-04T13:09:07.434Z.jpg,,0
capture_2025-10-04T13:09:13.294Z.jpg,,0
capture_2025-10-04T13:09:15.330Z.jpg,,0
capture_2025-10-04T13:09:16.751Z.jpg,,0
capture_2025-10-04T13:09:20.819Z.jpg,,0
capture_2025-10-04T13:09:24.809Z.jpg,,0
capture_2025-10-04T13:09:28.920Z.jpg,,0
capture_2025-10-04T13:09:32.744Z.jpg,,0
capture_2025-10-04T13:09:36.872Z.jpg,,0
capture_2025-10-04T13:09:40.800Z.jpg,,0
capture_2025-10-04T13:09:44.793Z.jpg,,0
capture_2025-10-04T13:09:48.791Z.jpg,,0
capture_2025-10-04T13:09:52.791Z.jpg,,0
capture_2025-10-04T13:09:56.669Z.jpg,,0
capture_2025-10-04T13:10:00.968Z.jpg,,0
capture_2025-10-04T13:10:04.810Z.jpg,,0
capture_2025-10-04T13:10:08.809Z.jpg,,0
capture_2025-10-04T13:10:12.699Z.jpg,,0
capture_2025-10-04T13:10:16.801Z.jpg,,0
capture_2025-10-04T13:10:23.877Z.jpg,,0
capture_2025-10-04T13:10:24.860Z.jpg,,0
capture_2025-10-04T13:10:28.796Z.jpg,,0
capture_2025-10-04T13:10:32.793Z.jpg,,0
capture_2025-10-04T13:10:36.840Z.jpg,,0
capture_2025-10-04T13:10:40.728Z.jpg,,0
capture_2025-10-04T13:10:47.280Z.jpg,,0
capture_2025-10-04T13:10:48.754Z.jpg,,0
capture_2025-10-04T13:10:52.993Z.jpg,,0
capture_2025-10-04T13:10:56.784Z.jpg,,0
capture_2025-10-04T13:11:00.852Z.jpg,,0
capture_2025-10-04T13:11:04.718Z.jpg,,0
capture_2025-10-04T13:11:08.793Z.jpg,,0
capture_2025-10-04T13:11:12.801Z.jpg,,0
capture_2025-10-04T13:11:16.810Z.jpg,,0
capture_2025-10-04T13:11:20.682Z.jpg,,0
capture_2025-10-04T13:11:24.697Z.jpg,,0
capture_2025-10-04T13:11:28.703Z.jpg,,0
capture_2025-10-04T13:11:32.680Z.jpg,,0
capture_2025-10-04T13:11:36.831Z.jpg,,0
capture_2025-10-04T13:11:40.842Z.jpg,,0
capture_2025-10-04T13:11:44.791Z.jpg,,0
capture_2025-10-04T13:11:48.801Z.jpg,,0
capture_2025-10-04T13:11:52.918Z.jpg,,0
capture_2025-10-04T13:11:56.900Z.jpg,,0
capture_2025-10-04T13:12:03.333Z.jpg,,0
capture_2025-10-04T13:12:04.795Z.jpg,,0
capture_2025-10-04T13:12:08.889Z.jpg,,0
capture_2025-10-04T13:12:13.732Z.jpg,,0
capture_2025-10-04T13:12:16.835Z.jpg,,0
capture_2025-10-04T13:12:20.851Z.jpg,,0
capture_2025-10-04T13:12:25.429Z.jpg,,0
capture_2025-10-04T13:12:30.496Z.jpg,,0
capture_2025-10-04T13:12:32.857Z.jpg,,0
capture_2025-10-04T13:12:37.111Z.jpg,,0
capture_2025-10-04T13:12:40.831Z.jpg,,0
capture_2025-10-04T13:12:44.839Z.jpg,,0
capture_2025-10-04T13:12:48.930Z.jpg,,0
capture_2025-10-04T13:12:52.735Z.jpg,,0
capture_2025-10-04T13:12:56.835Z.jpg,,0
capture_2025-10-04T13:13:00.836Z.jpg,,0
capture_2025-10-04T13:13:04.828Z.jpg,,0
capture_2025-10-04T13:13:08.845Z.jpg,,0
capture_2025-10-04T13:13:12.798Z.jpg,,0
capture_2025-10-04T13:13:16.844Z.jpg,,0
capture_2025-10-04T13:13:20.807Z.jpg,,0
capture_2025-10-04T13:13:24.682Z.jpg,,0
capture_2025-10-04T13:13:28.825Z.jpg,,0
capture_2025-10-04T13:13:32.796Z.jpg,,0
capture_2025-10-04T13:13:36.810Z.jpg,,0
capture_2025-10-04T13:13:40.905Z.jpg,,0
capture_2025-10-04T13:13:44.794Z.jpg,,0
capture_2025-10-04T13:13:48.797Z.jpg,,0
capture_2025-10-04T13:13:52.925Z.jpg,,0
capture_2025-10-04T13:13:56.735Z.jpg,,0
capture_2025-10-04T13:14:00.805Z.jpg,,0
capture_2025-10-04T13:14:04.692Z.jpg,,0
capture_2025-10-04T13:14:08.732Z.jpg,,0
capture_2025-10-04T13:14:12.693Z.jpg,,0
capture_2025-10-04T13:14:16.818Z.jpg,,0
capture_2025-10-04T13:14:20.817Z.jpg,,0
capture_2025-10-04T13:14:24.808Z.jpg,,0
capture_2025-10-04T13:14:28.805Z.jpg,,0
capture_2025-10-04T13:14:32.975Z.jpg,,0
capture_2025-10-04T13:14:36.686Z.jpg,,0
capture_2025-10-04T13:14:40.825Z.jpg,,0
capture_2025-10-04T13:14:44.713Z.jpg,,0
capture_2025-10-04T13:14:48.796Z.jpg,,0
capture_2025-10-04T13:14:52.842Z.jpg,,0
capture_2025-10-04T13:14:56.846Z.jpg,,0
capture_2025-10-04T13:15:00.846Z.jpg,,0
capture_2025-10-04T13:15:04.838Z.jpg,,0
capture_2025-10-04T13:15:08.796Z.jpg,,0
capture_2025-10-04T13:15:12.810Z.jpg,,0
capture_2025-10-04T13:15:16.902Z.jpg,,0
capture_2025-10-04T13:15:20.708Z.jpg,,0
capture_2025-10-04T13:15:24.795Z.jpg,,0
capture_2025-10-04T13:15:28.795Z.jpg,,0
capture_2025-10-04T13:15:32.835Z.jpg,,0
capture_2025-10-04T13:15:36.787Z.jpg,,0
capture_2025-10-04T13:15:40.735Z.jpg,,0
capture_2025-10-04T13:15:44.805Z.jpg,,0
capture_2025-10-04T13:15:48.806Z.jpg,,0
capture_2025-10-04T13:15:52.826Z.jpg,,0
capture_2025-10-04T13:15:56.715Z.jpg,,0
capture_2025-10-04T13:16:00.812Z.jpg,,0
capture_2025-10-04T13:16:05.851Z.jpg,,0
capture_2025-10-04T13:16:09.812Z.jpg,,0
capture_2025-10-04T13:16:13.755Z.jpg,,0
capture_2025-10-04T13:16:17.963Z.jpg,,0
capture_2025-10-04T13:16:21.676Z.jpg,,0
capture_2025-10-04T13:16:25.791Z.jpg,,0
capture_2025-10-04T13:16:29.907Z.jpg,,0
capture_2025-10-04T13:16:33.787Z.jpg,,0
capture_2025-10-04T13:16:37.808Z.jpg,,0
capture_2025-10-04T13:16:41.812Z.jpg,,0
capture_2025-10-04T13:16:45.813Z.jpg,,0
capture_2025-10-04T13:16:49.745Z.jpg,,0
capture_2025-10-04T13:16:53.716Z.jpg,,0
capture_2025-10-04T13:16:57.791Z.jpg,,0
capture_2025-10-04T13:17:57.787Z.jpg,,0
capture_2025-10-04T13:18:57.687Z.jpg,,0
capture_2025-10-04T13:19:57.826Z.jpg,,0
capture_2025-10-04T13:20:57.751Z.jpg,,0
capture_2025-10-04T13:21:57.945Z.jpg,,0
capture_2025-10-04T13:22:57.754Z.jpg,,0
capture_2025-10-04T13:23:57.733Z.jpg,,0
capture_2025-10-04T13:24:57.847Z.jpg,,0
capture_2025-10-04T13:25:57.856Z.jpg,,0
capture_2025-10-04T13:26:57.881Z.jpg,,0
capture_2025-10-04T13:27:57.887Z.jpg,,0
capture_2025-10-04T13:28:57.923Z.jpg,,0
capture_2025-10-04T13:29:57.845Z.jpg,,0
capture_2025-10-04T13:31:00.517Z.jpg,,0
capture_2025-10-04T13:31:57.816Z.jpg,,0
capture_2025-10-04T13:32:57.818Z.jpg,,0
capture_2025-10-04T13:33:57.757Z.jpg,,0
capture_2025-10-04T13:34:57.858Z.jpg,,0
capture_2025-10-04T13:36:02.104Z.jpg,,0
capture_2025-10-04T13:36:57.881Z.jpg,,0
capture_2025-10-04T13:38:00.088Z.jpg,,0
capture_2025-10-04T13:38:57.753Z.jpg,,0
capture_2025-10-04T13:39:57.868Z.jpg,,0
capture_2025-10-04T13:40:57.885Z.jpg,,0
capture_2025-10-04T13:41:57.733Z.jpg,,0
capture_2025-10-04T13:42:57.812Z.jpg,,0
capture_2025-10-04T13:43:57.828Z.jpg,,0
capture_2025-10-04T13:44:57.847Z.jpg,,0
capture_2025-10-04T13:45:57.864Z.jpg,,0
capture_2025-10-04T13:46:57.803Z.jpg,,0
capture_2025-10-04T13:47:57.857Z.jpg,,0
capture_2025-10-04T13:48:57.855Z.jpg,,0
capture_2025-10-04T13:49:57.835Z.jpg,,0
capture_2025-10-04T13:50:57.735Z.jpg,,0
capture_2025-10-04T13:51:57.942Z.jpg,,0
capture_2025-10-04T13:52:57.804Z.jpg,,0
capture_2025-10-04T13:53:57.829Z.jpg,,0
capture_2025-10-04T13:54:59.116Z.jpg,,0
capture_2025-10-04T13:55:57.864Z.jpg,,0
capture_2025-10-04T13:56:57.878Z.jpg,,0
capture_2025-10-04T13:57:57.912Z.jpg,,0
capture_2025-10-04T13:58:57.873Z.jpg,,0
capture_2025-10-04T13:59:57.904Z.jpg,,0
capture_2025-10-04T14:00:59.037Z.jpg,,0
capture_2025-10-04T14:01:57.719Z.jpg,,0
capture_2025-10-04T14:02:57.739Z.jpg,,0
capture_2025-10-04T14:03:57.629Z.jpg,,0
capture_2025-10-04T14:04:59.320Z.jpg,,0
capture_2025-10-04T14:06:01.875Z.jpg,,0
capture_2025-10-04T14:06:57.636Z.jpg,,0
capture_2025-10-04T14:07:57.747Z.jpg,,0
capture_2025-10-04T14:08:57.760Z.jpg,,0
capture_2025-10-04T14:09:58.067Z.jpg,,0
capture_2025-10-04T14:10:57.860Z.jpg,,0
capture_2025-10-04T14:11:57.647Z.jpg,,0
capture_2025-10-04T14:12:57.725Z.jpg,,0
capture_2025-10-04T14:13:57.632Z.jpg,,0
capture_2025-10-04T14:14:57.635Z.jpg,,0
capture_2025-10-04T14:15:57.765Z.jpg,,0
capture_2025-10-04T14:16:57.811Z.jpg,,0
capture_2025-10-04T14:17:57.782Z.jpg,,0
capture_2025-10-04T14:18:57.806Z.jpg,,0
capture_2025-10-04T14:19:57.785Z.jpg,,0
capture_2025-10-04T14:40:39.897Z.jpg,,0
capture_2025-10-04T14:41:38.995Z.jpg,,0
capture_2025-10-04T14:42:39.088Z.jpg,,0
capture_2025-10-04T14:43:39.096Z.jpg,,0
capture_2025-10-04T14:44:38.992Z.jpg,,0
capture_2025-10-04T14:45:39.132Z.jpg,,0
capture_2025-10-04T14:46:39.089Z.jpg,,0
capture_2025-10-04T14:47:39.043Z.jpg,,0
capture_2025-10-04T14:48:39.104Z.jpg,,0
capture_2025-10-04T14:49:39.170Z.jpg,,1
capture_2025-10-04T14:50:39.462Z.jpg,,0
capture_2025-10-04T14:51:40.890Z.jpg,,0
capture_2025-10-04T14:52:45.853Z.jpg,,0
capture_2025-10-04T14:53:39.162Z.jpg,,0
capture_2025-10-04T14:54:39.163Z.jpg,,0
capture_2025-10-04T14:55:39.169Z.jpg,,0
capture_2025-10-04T14:56:39.219Z.jpg,,0
capture_2025-10-04T14:57:39.072Z.jpg,,0
capture_2025-10-04T14:58:39.198Z.jpg,,0
capture_2025-10-04T14:59:39.068Z.jpg,,0
capture_2025-10-04T15:00:39.247Z.jpg,,0
capture_2025-10-04T15:01:39.153Z.jpg,,0
capture_2025-10-04T15:02:39.103Z.jpg,,0
capture_2025-10-04T15:03:39.282Z.jpg,,0
capture_2025-10-04T15:04:39.328Z.jpg,,0
capture_2025-10-04T15:05:39.184Z.jpg,,0
capture_2025-10-04T15:06:39.163Z.jpg,,0
capture_2025-10-04T15:07:39.252Z.jpg,,0
capture_2025-10-04T15:08:39.211Z.jpg,,0
capture_2025-10-04T15:09:39.109Z.jpg,,0
capture_2025-10-04T15:10:39.224Z.jpg,,0
capture_2025-10-04T15:11:39.357Z.jpg,,0
capture_2025-10-04T15:12:39.136Z.jpg,,0
capture_2025-10-04T15:13:39.399Z.jpg,,0
capture_2025-10-04T15:14:41.995Z.jpg,,0
capture_2025-10-04T15:15:39.185Z.jpg,,0
capture_2025-10-04T15:16:39.215Z.jpg,,0
capture_2025-10-04T15:17:39.458Z.jpg,,0
capture_2025-10-04T15:18:39.183Z.jpg,,0
capture_2025-10-04T15:19:39.951Z.jpg,,0
capture_2025-10-04T15:20:39.175Z.jpg,,0
capture_2025-10-04T15:21:41.920Z.jpg,,0
capture_2025-10-04T15:22:39.532Z.jpg,,0
capture_2025-10-04T15:23:39.840Z.jpg,,0
capture_2025-10-04T15:24:39.349Z.jpg,,0
capture_2025-10-04T15:25:39.240Z.jpg,,0
capture_2025-10-04T15:26:39.182Z.jpg,,0
capture_2025-10-04T15:27:39.159Z.jpg,,0
capture_2025-10-04T15:28:39.154Z.jpg,,0
capture_2025-10-04T15:29:39.296Z.jpg,,0
capture_2025-10-04T15:30:39.165Z.jpg,,0
capture_2025-10-04T15:31:39.224Z.jpg,,0
capture_2025-10-04T15:32:45.148Z.jpg,,0
capture_2025-10-04T15:33:43.107Z.jpg,,0
capture_2025-10-04T15:34:40.752Z.jpg,,0
capture_2025-10-04T15:35:39.534Z.jpg,,0
capture_2025-10-04T15:36:41.623Z.jpg,,0
capture_2025-10-04T15:37:39.090Z.jpg,,0
capture_2025-10-04T15:38:39.293Z.jpg,,0
capture_2025-10-04T15:39:39.248Z.jpg,,0
capture_2025-10-04T15:40:39.319Z.jpg,,0
capture_2025-10-04T15:41:39.479Z.jpg,,0
capture_2025-10-04T15:42:41.182Z.jpg,,0
capture_2025-10-04T15:43:39.466Z.jpg,,0
capture_2025-10-04T15:44:40.432Z.jpg,,0
capture_2025-10-04T15:45:39.176Z.jpg,,0
capture_2025-10-04T15:46:39.169Z.jpg,,0
capture_2025-10-04T15:47:39.385Z.jpg,,0
capture_2025-10-04T15:48:39.452Z.jpg,,0
capture_2025-10-04T15:49:39.119Z.jpg,,0
capture_2025-10-04T15:50:39.090Z.jpg,,0
capture_2025-10-04T10:46:19.955Z.jpg,,1
capture_2025-10-04T10:46:20.695Z.jpg,,1
capture_2025-10-04T10:46:25.732Z.jpg,,1
capture_2025-10-04T10:46:28.707Z.jpg,,1
capture_2025-10-04T10:46:32.685Z.jpg,,1
capture_2025-10-04T10:46:36.715Z.jpg,,1
capture_2025-10-04T10:46:41.577Z.jpg,,1
capture_2025-10-04T10:46:45.567Z.jpg,,1
capture_2025-10-04T10:46:49.686Z.jpg,,1
capture_2025-10-04T10:46:55.717Z.jpg,,1
capture_2025-10-04T11:41:04.743Z.jpg,,1
capture_2025-10-04T11:41:08.842Z.jpg,,1
capture_2025-10-04T11:41:12.682Z.jpg,,1
capture_2025-10-04T10:46:19.955Z.jpg,,1
capture_2025-10-04T10:46:20.695Z.jpg,,1
capture_2025-10-04T10:46:25.732Z.jpg,,1
capture_2025-10-04T10:46:28.707Z.jpg,,1
capture_2025-10-04T10:46:32.685Z.jpg,,1
capture_2025-10-04T10:46:36.715Z.jpg,,1
capture_2025-10-04T10:46:41.577Z.jpg,,1
capture_2025-10-04T10:46:45.567Z.jpg,,1
capture_2025-10-04T10:46:49.686Z.jpg,,1
capture_2025-10-04T10:46:55.717Z.jpg,,1
capture_2025-10-04T11:41:04.743Z.jpg,,1
capture_2025-10-04T11:41:08.842Z.jpg,,1
capture_2025-10-04T11:41:12.682Z.jpg,,1
capture_2025-10-04T10:46:19.955Z.jpg,,1
capture_2025-10-04T10:46:20.695Z.jpg,,1
capture_2025-10-04T10:46:25.732Z.jpg,,1
capture_2025-10-04T10:46:28.707Z.jpg,,1
capture_2025-10-04T10:46:32.685Z.jpg,,1
capture_2025-10-04T10:46:36.715Z.jpg,,1
capture_2025-10-04T10:46:41.577Z.jpg,,1
capture_2025-10-04T10:46:45.567Z.jpg,,1
capture_2025-10-04T10:46:49.686Z.jpg,,1
capture_2025-10-04T10:46:55.717Z.jpg,,1
capture_2025-10-04T11:41:04.743Z.jpg,,1
capture_2025-10-04T11:41:08.842Z.jpg,,1
capture_2025-10-04T11:41:12.682Z.jpg,,1
capture_2025-11-18T01:48:09.493Z.jpg,,0
capture_2025-11-18T01:48:14.509Z.jpg,,0
capture_2025-11-18T01:48:18.450Z.jpg,,0
capture_2025-11-18T01:48:22.460Z.jpg,,0
capture_2025-11-18T01:48:26.475Z.jpg,,0
capture_2025-11-18T01:48:30.456Z.jpg,,0
capture_2025-11-18T01:48:34.471Z.jpg,,0
capture_2025-11-18T01:48:38.485Z.jpg,,0
capture_2025-11-18T01:48:42.521Z.jpg,,0
capture_2025-11-18T01:48:46.551Z.jpg,,0
capture_2025-11-18T01:48:50.450Z.jpg,,0
capture_2025-11-18T01:48:54.551Z.jpg,,0
capture_2025-10-04T10:46:19.955Z.jpg,,1
capture_2025-10-04T10:46:20.695Z.jpg,,1
capture_2025-10-04T10:46:25.732Z.jpg,,1
capture_2025-10-04T10:46:28.707Z.jpg,,1
capture_2025-10-04T10:46:32.685Z.jpg,,1
capture_2025-10-04T10:46:36.715Z.jpg,,1
capture_2025-10-04T10:46:41.577Z.jpg,,1
capture_2025-10-04T10:46:45.567Z.jpg,,1
capture_2025-10-04T10:46:49.686Z.jpg,,1
capture_2025-10-04T10:46:55.717Z.jpg,,1
capture_2025-10-04T11:41:04.743Z.jpg,,1
capture_2025-10-04T11:41:08.842Z.jpg,,1
capture_2025-10-04T11:41:12.682Z.jpg,,1
capture_2025-11-18T01:48:09.493Z.jpg,,0
capture_2025-11-18T01:48:14.509Z.jpg,,0
capture_2025-10-04T10:46:19.955Z.jpg,,1
capture_2025-10-04T10:46:20.695Z.jpg,,1
capture_2025-10-04T10:46:25.732Z.jpg,,1
capture_2025-10-04T10:46:28.707Z.jpg,,1
capture_2025-10-04T10:46:32.685Z.jpg,,1
capture_2025-10-04T10:46:36.715Z.jpg,,1
capture_2025-10-04T10:46:41.577Z.jpg,,1
capture_2025-10-04T10:46:45.567Z.jpg,,1
capture_2025-10-04T10:46:49.686Z.jpg,,1
capture_2025-10-04T10:46:55.717Z.jpg,,1
capture_2025-10-04T11:41:04.743Z.jpg,,1
capture_2025-10-04T11:41:08.842Z.jpg,,1
capture_2025-10-04T11:41:12.682Z.jpg,,1
capture_2025-11-18T01:48:09.493Z.jpg,,0
capture_2025-11-18T01:48:14.509Z.jpg,,0
capture_2025-12-19T13:21:25.951Z.jpg,,0
capture_2025-12-19T13:21:34.880Z.jpg,,0
capture_2025-12-19T13:21:38.041Z.jpg,,0
capture_2025-12-19T13:21:47.055Z.jpg,,0
capture_2025-12-19T13:21:48.030Z.jpg,,0
capture_2025-12-19T13:21:48.215Z.jpg,,0
capture_2025-12-19T13:21:48.315Z.jpg,,0
capture_2025-12-19T13:21:49.033Z.jpg,,0
capture_2025-12-19T13:21:49.037Z.jpg,,0
capture_2025-12-19T13:21:49.710Z.jpg,,0
capture_2025-12-19T13:21:49.773Z.jpg,,0
capture_2025-12-19T13:21:50.600Z.jpg,,0
capture_2025-12-19T13:21:50.782Z.jpg,,0
capture_2025-12-19T13:21:50.804Z.jpg,,0
capture_2025-12-19T13:21:51.135Z.jpg,,1
capture_2025-12-19T13:21:51.340Z.jpg,,0
capture_2025-12-19T13:21:51.660Z.jpg,,0
capture_2025-12-19T13:21:51.901Z.jpg,,0
capture_2025-12-19T13:21:52.005Z.jpg,,0
capture_2025-12-19T13:21:52.053Z.jpg,,0
capture_2025-12-19T13:21:52.411Z.jpg,,0
capture_2025-12-19T13:21:54.507Z.jpg,,0
capture_2025-12-19T13:21:58.506Z.jpg,,0
capture_2025-12-19T13:21:59.291Z.jpg,,0
capture_2025-12-19T13:22:02.571Z.jpg,,0
capture_2025-12-19T13:22:07.370Z.jpg,,0
capture_2025-12-19T13:22:11.317Z.jpg,,0
capture_2025-12-19T13:22:15.620Z.jpg,,0
capture_2025-12-19T13:24:07.877Z.jpg,,0
capture_2025-12-19T13:24:11.757Z.jpg,,0
capture_2025-12-19T13:24:15.939Z.jpg,,0
capture_2025-12-19T13:24:19.719Z.jpg,,0
capture_2025-12-19T13:24:23.847Z.jpg,,0
capture_2025-12-19T13:24:27.896Z.jpg,,0
capture_2025-12-19T13:24:31.869Z.jpg,,0
capture_2025-12-19T13:24:36.084Z.jpg,,0
capture_2025-12-19T13:24:40.032Z.jpg,,0
capture_2025-12-19T13:24:44.223Z.jpg,,0
capture_2025-12-19T13:24:47.875Z.jpg,,0
capture_2025-12-19T13:24:55.597Z.jpg,,0
capture_2025-12-19T13:24:57.142Z.jpg,,0
capture_2025-12-19T13:25:00.069Z.jpg,,0
capture_2025-12-19T13:25:03.793Z.jpg,,0
capture_2025-12-19T13:25:08.550Z.jpg,,0
capture_2025-12-19T13:25:12.714Z.jpg,,0
capture_2025-12-19T13:25:16.454Z.jpg,,0
capture_2025-12-19T13:25:20.763Z.jpg,,0
capture_2025-12-19T13:25:24.764Z.jpg,,0
capture_2025-12-19T13:25:29.103Z.jpg,,0
capture_2025-12-19T13:25:32.561Z.jpg,,0
capture_2025-12-19T13:25:36.627Z.jpg,,0
capture_2025-12-19T13:25:40.477Z.jpg,,0
capture_2025-12-19T13:25:44.659Z.jpg,,0
capture_2025-12-19T13:25:48.751Z.jpg,,0
capture_2025-12-19T13:25:52.932Z.jpg,,0
capture_2025-12-19T13:25:56.446Z.jpg,,0
capture_2025-12-19T13:26:00.595Z.jpg,,0
capture_2025-12-19T13:26:04.472Z.jpg,,0
capture_2025-12-19T13:30:10.948Z.jpg,,0
capture_2025-12-19T13:30:11.512Z.jpg,,0
capture_2025-12-19T13:31:27.189Z.jpg,,0
capture_2025-12-19T13:31:58.497Z.jpg,,0
capture_2025-12-19T13:32:57.672Z.jpg,,0
capture_2025-12-19T13:33:00.663Z.jpg,,0
capture_2025-12-19T13:33:05.395Z.jpg,,0
capture_2025-12-19T13:33:08.870Z.jpg,,0
capture_2025-12-19T13:33:13.122Z.jpg,,0
capture_2025-12-19T13:33:17.267Z.jpg,,0
capture_2025-12-19T13:33:20.778Z.jpg,,0
capture_2025-12-19T13:33:30.485Z.jpg,,0
capture_2025-12-19T13:33:30.788Z.jpg,,1
capture_2025-12-19T13:33:33.297Z.jpg,,0
capture_2025-12-19T13:33:37.081Z.jpg,,0
capture_2025-12-19T13:33:40.870Z.jpg,,0
capture_2025-12-19T13:33:44.992Z.jpg,,0
capture_2025-12-19T13:33:48.945Z.jpg,,0
capture_2025-12-19T13:33:52.820Z.jpg,,0
capture_2025-12-19T13:33:57.209Z.jpg,,0
capture_2025-12-19T13:34:01.195Z.jpg,,0
capture_2025-12-19T13:34:05.242Z.jpg,,0
capture_2025-12-19T13:34:09.054Z.jpg,,0
capture_2025-12-19T13:34:13.255Z.jpg,,0
capture_2025-12-19T13:34:17.741Z.jpg,,0
capture_2025-12-19T13:34:21.265Z.jpg,,0
capture_2025-12-19T13:34:25.844Z.jpg,,0
capture_2025-12-19T13:35:13.490Z.jpg,,1
capture_2025-12-19T13:35:13.697Z.jpg,,1
capture_2025-12-19T13:35:16.285Z.jpg,,1
capture_2025-12-19T13:35:21.777Z.jpg,,0
capture_2025-12-19T13:35:26.483Z.jpg,,1
capture_2025-12-19T13:35:28.375Z.jpg,,1
capture_2025-12-19T13:35:32.464Z.jpg,,1
capture_2025-12-19T13:35:36.337Z.jpg,,1
capture_2025-12-19T13:35:40.321Z.jpg,,1
capture_2025-12-19T13:35:44.394Z.jpg,,1
capture_2025-12-19T13:35:48.302Z.jpg,,1
capture_2025-12-19T13:35:52.338Z.jpg,,1
capture_2025-12-19T13:35:57.598Z.jpg,,1
capture_2025-12-19T13:36:02.275Z.jpg,,1
capture_2025-12-19T13:36:07.591Z.jpg,,1
capture_2025-12-19T13:36:12.681Z.jpg,,0
capture_2025-12-19T13:36:16.265Z.jpg,,0
capture_2025-12-19T13:36:19.554Z.jpg,,0
capture_2025-12-19T13:36:20.450Z.jpg,,0
capture_2025-12-19T13:36:24.393Z.jpg,,0
capture_2025-12-19T13:36:28.477Z.jpg,,0
capture_2025-12-19T13:36:32.420Z.jpg,,1
capture_2025-12-19T13:36:36.744Z.jpg,,0
capture_2025-12-19T13:36:40.784Z.jpg,,0
capture_2025-12-19T13:36:44.637Z.jpg,,0
capture_2025-12-19T13:36:49.094Z.jpg,,0
capture_2025-12-19T13:36:54.349Z.jpg,,0
capture_2025-12-19T13:36:56.915Z.jpg,,0
capture_2025-12-19T13:37:10.938Z.jpg,,0
capture_2025-12-19T13:37:14.465Z.jpg,,0
capture_2025-12-19T13:37:19.035Z.jpg,,0
capture_2025-12-19T13:37:21.847Z.jpg,,0
capture_2025-12-19T13:37:25.719Z.jpg,,0
capture_2025-12-19T13:37:29.071Z.jpg,,0
capture_2025-12-19T13:37:32.908Z.jpg,,11
capture_2025-12-19T13:37:37.710Z.jpg,,9
capture_2025-12-19T13:37:41.705Z.jpg,,4
capture_2025-12-19T13:37:46.000Z.jpg,,7
capture_2025-12-19T13:37:48.853Z.jpg,,5
capture_2025-12-19T13:37:52.651Z.jpg,,5
capture_2025-12-19T13:37:56.548Z.jpg,,2
capture_2025-12-19T13:38:00.666Z.jpg,,5
capture_2025-12-19T13:38:04.518Z.jpg,,4
capture_2025-12-19T13:38:08.626Z.jpg,,5
capture_2025-12-19T13:38:12.854Z.jpg,,6
capture_2025-12-19T13:38:16.715Z.jpg,,0
capture_2025-12-19T13:38:20.405Z.jpg,,0
capture_2025-12-19T13:38:24.627Z.jpg,,0
capture_2025-12-19T13:38:28.350Z.jpg,,0
capture_2025-12-19T13:38:35.116Z.jpg,,0
capture_2025-12-19T13:38:36.526Z.jpg,,0
capture_2025-12-19T13:38:41.462Z.jpg,,0
capture_2025-12-19T13:38:58.597Z.jpg,,0
capture_2025-12-19T13:39:59.338Z.jpg,,0
capture_2025-12-19T13:40:58.529Z.jpg,,0
capture_2025-12-19T13:41:59.520Z.jpg,,0
capture_2025-12-19T13:42:58.849Z.jpg,,0
capture_2025-12-19T13:43:59.937Z.jpg,,0
